name,patterns,N,k,max_abs_nonzero,empirical_k_nc,argmax_m,argmax_symbolic
TM,1,4096,2,0.34375,No,64,(1/4096) * (1344 + 2752*zeta^1)
TM,1,4096,3,0.3868568250981232,No,64,(1/4096) * (1152 + 576*zeta^1 + 2368*zeta^2)
TM,1,4096,4,0.4489639222873314,No,16,(1/4096) * (1088 + 544*zeta^1 + 272*zeta^2 + 2192*zeta^3)
TM,1,4096,5,0.5244537296447243,No,64,(1/4096) * (1088 + 512*zeta^1 + 256*zeta^2 + 128*zeta^3 + 2112*zeta^4)
TM,1,4096,6,0.5819132640480021,No,64,(1/4096) * (1024 + 512*zeta^1 + 256*zeta^2 + 128*zeta^3 + 64*zeta^4 + 2112*zeta^5)
TM,1,4096,7,0.6337805603812409,No,16,(1/4096) * (1040 + 512*zeta^1 + 256*zeta^2 + 128*zeta^3 + 64*zeta^4 + 32*zeta^5 + 2064*zeta^6)
TM,1,4096,8,0.6795356458404788,No,8,(1/4096) * (1032 + 512*zeta^1 + 256*zeta^2 + 128*zeta^3 + 64*zeta^4 + 32*zeta^5 + 16*zeta^6 + 2056*zeta^7)
RS,11,4096,2,6.123233995736766e-17,Yes,1,(1/4096) * (2048 + 2048*zeta^1)
RS,11,4096,3,0.34061589710076284,No,1,(1/4096) * (1901 + 439*zeta^1 + 1756*zeta^2)
RS,11,4096,4,0.5000977420639205,No,1,(1/4096) * (1843 + 409*zeta^1 + 205*zeta^2 + 1639*zeta^3)
RS,11,4096,5,0.5950740989156159,No,1,(1/4096) * (1817 + 397*zeta^1 + 198*zeta^2 + 99*zeta^3 + 1585*zeta^4)
RS,11,4096,6,0.6616224000361872,No,1,(1/4096) * (1804 + 390*zeta^1 + 195*zeta^2 + 97*zeta^3 + 49*zeta^4 + 1561*zeta^5)
RS,11,4096,7,0.7117842521340249,No,1,(1/4096) * (1798 + 387*zeta^1 + 193*zeta^2 + 97*zeta^3 + 49*zeta^4 + 24*zeta^5 + 1548*zeta^6)
RS,11,4096,8,0.7520007387224592,No,1,(1/4096) * (1795 + 385*zeta^1 + 193*zeta^2 + 97*zeta^3 + 48*zeta^4 + 24*zeta^5 + 12*zeta^6 + 1542*zeta^7)
RS*TM,11 1,4096,2,0.00927734375,No,53,(1/4096) * (2029 + 2067*zeta^1)
RS*TM,11 1,4096,3,0.25015694936813004,No,1,(1/4096) * (731 + 1463*zeta^1 + 1902*zeta^2)
RS*TM,11 1,4096,4,0.37264161790955985,No,1,(1/4096) * (683 + 341*zeta^1 + 1366*zeta^2 + 1706*zeta^3)
RS*TM,11 1,4096,5,0.44226172770587935,No,1,(1/4096) * (595 + 330*zeta^1 + 298*zeta^2 + 1189*zeta^3 + 1684*zeta^4)
RS*TM,11 1,4096,6,0.4910702209953224,No,1,(1/4096) * (585 + 292*zeta^1 + 293*zeta^2 + 146*zeta^3 + 1171*zeta^4 + 1609*zeta^5)
RS*TM,11 1,4096,7,0.529467574453671,No,1,(1/4096) * (548 + 291*zeta^1 + 274*zeta^2 + 145*zeta^3 + 137*zeta^4 + 1096*zeta^5 + 1605*zeta^6)
RS*TM,11 1,4096,8,0.5626526529884524,No,1,(1/4096) * (546 + 273*zeta^1 + 273*zeta^2 + 136*zeta^3 + 137*zeta^4 + 68*zeta^5 + 1093*zeta^6 + 1570*zeta^7)
"A_{1,101,111}",1 101 111,4096,2,0.00537109375,No,53,(1/4096) * (2059 + 2037*zeta^1)
"A_{1,101,111}",1 101 111,4096,3,0.24694724655516362,No,2,(1/4096) * (694 + 1646*zeta^1 + 1756*zeta^2)
"A_{1,101,111}",1 101 111,4096,4,0.35810861120621484,No,2,(1/4096) * (598 + 427*zeta^1 + 1450*zeta^2 + 1621*zeta^3)
"A_{1,101,111}",1 101 111,4096,5,0.4243727983506167,No,2,(1/4096) * (545 + 388*zeta^1 + 273*zeta^2 + 1346*zeta^3 + 1544*zeta^4)
"A_{1,101,111}",1 101 111,4096,6,0.47200332816615476,No,2,(1/4096) * (512 + 366*zeta^1 + 256*zeta^2 + 182*zeta^3 + 1280*zeta^4 + 1500*zeta^5)
"A_{1,101,111}",1 101 111,4096,7,0.510409563824711,No,2,(1/4096) * (491 + 350*zeta^1 + 246*zeta^2 + 176*zeta^3 + 123*zeta^4 + 1240*zeta^5 + 1470*zeta^6)
"A_{1,101,111}",1 101 111,4096,8,0.5435819493778874,No,2,(1/4096) * (478 + 342*zeta^1 + 239*zeta^2 + 171*zeta^3 + 120*zeta^4 + 85*zeta^5 + 1211*zeta^6 + 1450*zeta^7)
"{101,111}",101 111,4096,2,6.123233995736766e-17,Yes,1,(1/4096) * (2048 + 2048*zeta^1)
"{101,111}",101 111,4096,3,0.29611419768173053,No,1,(1/4096) * (1939 + 585*zeta^1 + 1572*zeta^2)
"{101,111}",101 111,4096,4,0.480529285122003,No,1,(1/4096) * (1894 + 564*zeta^1 + 154*zeta^2 + 1484*zeta^3)
"{101,111}",101 111,4096,5,0.5980123977027,No,1,(1/4096) * (1875 + 553*zeta^1 + 148*zeta^2 + 74*zeta^3 + 1446*zeta^4)
"{101,111}",101 111,4096,6,0.67573622184196,No,1,(1/4096) * (1865 + 548*zeta^1 + 146*zeta^2 + 74*zeta^3 + 37*zeta^4 + 1426*zeta^5)
"{101,111}",101 111,4096,7,0.7319981421002,No,1,(1/4096) * (1860 + 546*zeta^1 + 146*zeta^2 + 73*zeta^3 + 36*zeta^4 + 18*zeta^5 + 1417*zeta^6)
"{101,111}",101 111,4096,8,0.7747247857358281,No,1,(1/4096) * (1858 + 546*zeta^1 + 145*zeta^2 + 72*zeta^3 + 36*zeta^4 + 18*zeta^5 + 9*zeta^6 + 1412*zeta^7)
{01},01,4096,2,0.00927734375,No,53,(1/4096) * (2029 + 2067*zeta^1)
{01},01,4096,3,0.25036630021367556,No,1,(1/4096) * (2049 + 1023*zeta^1 + 1024*zeta^2)
{01},01,4096,4,0.5002442002005516,No,1,(1/4096) * (2049 + 1023*zeta^1 + 1024*zeta^3)
{01},01,4096,5,0.654677235385514,No,1,(1/4096) * (2049 + 1023*zeta^1 + 1024*zeta^4)
{01},01,4096,6,0.7501221001099718,No,1,(1/4096) * (2049 + 1023*zeta^1 + 1024*zeta^5)
{01},01,4096,7,0.8118368448036751,No,1,(1/4096) * (2049 + 1023*zeta^1 + 1024*zeta^6)
{01},01,4096,8,0.8536249151831067,No,1,(1/4096) * (2049 + 1023*zeta^1 + 1024*zeta^7)
{10},10,4096,2,0.00927734375,No,53,(1/4096) * (2067 + 2029*zeta^1)
{10},10,4096,3,0.2503659431087823,No,64,(1/4096) * (2048 + 992*zeta^1 + 1056*zeta^2)
{10},10,4096,4,0.5002440810494413,No,64,(1/4096) * (2048 + 992*zeta^1 + 1056*zeta^3)
{10},10,4096,5,0.6546771724754319,No,64,(1/4096) * (2048 + 992*zeta^1 + 1056*zeta^4)
{10},10,4096,6,0.7501220603800091,No,64,(1/4096) * (2048 + 992*zeta^1 + 1056*zeta^5)
{10},10,4096,7,0.8118368171604889,No,64,(1/4096) * (2048 + 992*zeta^1 + 1056*zeta^6)
{10},10,4096,8,0.8536248947317397,No,64,(1/4096) * (2048 + 992*zeta^1 + 1056*zeta^7)
"{01,10,11}",01 10 11,4096,2,6.123233995736766e-17,Yes,1,(1/4096) * (2048 + 2048*zeta^1)
"{01,10,11}",01 10 11,4096,3,0.3406542179280466,No,1,(1/4096) * (1902 + 439*zeta^1 + 1755*zeta^2)
"{01,10,11}",01 10 11,4096,4,0.49980469704046976,No,1,(1/4096) * (1843 + 410*zeta^1 + 205*zeta^2 + 1638*zeta^3)
"{01,10,11}",01 10 11,4096,5,0.5952784207960209,No,1,(1/4096) * (1817 + 396*zeta^1 + 198*zeta^2 + 99*zeta^3 + 1586*zeta^4)
"{01,10,11}",01 10 11,4096,6,0.6612071413886835,No,1,(1/4096) * (1804 + 390*zeta^1 + 195*zeta^2 + 98*zeta^3 + 49*zeta^4 + 1560*zeta^5)
"{01,10,11}",01 10 11,4096,7,0.711859635367871,No,1,(1/4096) * (1798 + 387*zeta^1 + 194*zeta^2 + 97*zeta^3 + 48*zeta^4 + 24*zeta^5 + 1548*zeta^6)
"{01,10,11}",01 10 11,4096,8,0.752339713429204,No,1,(1/4096) * (1795 + 386*zeta^1 + 193*zeta^2 + 96*zeta^3 + 48*zeta^4 + 24*zeta^5 + 12*zeta^6 + 1542*zeta^7)
A_3,101 111,4096,2,6.123233995736766e-17,Yes,1,(1/4096) * (2048 + 2048*zeta^1)
A_3,101 111,4096,3,0.29611419768173053,No,1,(1/4096) * (1939 + 585*zeta^1 + 1572*zeta^2)
A_3,101 111,4096,4,0.480529285122003,No,1,(1/4096) * (1894 + 564*zeta^1 + 154*zeta^2 + 1484*zeta^3)
A_3,101 111,4096,5,0.5980123977027,No,1,(1/4096) * (1875 + 553*zeta^1 + 148*zeta^2 + 74*zeta^3 + 1446*zeta^4)
A_3,101 111,4096,6,0.67573622184196,No,1,(1/4096) * (1865 + 548*zeta^1 + 146*zeta^2 + 74*zeta^3 + 37*zeta^4 + 1426*zeta^5)
A_3,101 111,4096,7,0.7319981421002,No,1,(1/4096) * (1860 + 546*zeta^1 + 146*zeta^2 + 73*zeta^3 + 36*zeta^4 + 18*zeta^5 + 1417*zeta^6)
A_3,101 111,4096,8,0.7747247857358281,No,1,(1/4096) * (1858 + 546*zeta^1 + 145*zeta^2 + 72*zeta^3 + 36*zeta^4 + 18*zeta^5 + 9*zeta^6 + 1412*zeta^7)
A_4,1001 1011 1101 1111,4096,2,6.123233995736766e-17,Yes,1,(1/4096) * (2048 + 2048*zeta^1)
A_4,1001 1011 1101 1111,4096,3,0.2883803075955939,No,2,(1/4096) * (1892 + 595*zeta^1 + 1609*zeta^2)
A_4,1001 1011 1101 1111,4096,4,0.46592983022066004,No,2,(1/4096) * (1844 + 536*zeta^1 + 204*zeta^2 + 1512*zeta^3)
A_4,1001 1011 1101 1111,4096,5,0.582815872796309,No,1,(1/4096) * (1853 + 606*zeta^1 + 176*zeta^2 + 57*zeta^3 + 1404*zeta^4)
A_4,1001 1011 1101 1111,4096,6,0.6695691395101636,No,1,(1/4096) * (1846 + 604*zeta^1 + 175*zeta^2 + 55*zeta^3 + 27*zeta^4 + 1389*zeta^5)
A_4,1001 1011 1101 1111,4096,7,0.7323980797768829,No,1,(1/4096) * (1844 + 603*zeta^1 + 173*zeta^2 + 54*zeta^3 + 27*zeta^4 + 13*zeta^5 + 1382*zeta^6)
A_4,1001 1011 1101 1111,4096,8,0.7786416175715581,No,1,(1/4096) * (1843 + 601*zeta^1 + 172*zeta^2 + 54*zeta^3 + 27*zeta^4 + 13*zeta^5 + 6*zeta^6 + 1380*zeta^7)
A_5,10001 10011 10101 10111 11001 11011 11101 11111,4096,2,6.123233995736766e-17,Yes,1,(1/4096) * (2048 + 2048*zeta^1)
A_5,10001 10011 10101 10111 11001 11011 11101 11111,4096,3,0.29101961888382505,No,4,(1/4096) * (1897 + 588*zeta^1 + 1611*zeta^2)
A_5,10001 10011 10101 10111 11001 11011 11101 11111,4096,4,0.46961183792608174,No,4,(1/4096) * (1848 + 528*zeta^1 + 200*zeta^2 + 1520*zeta^3)
A_5,10001 10011 10101 10111 11001 11011 11101 11111,4096,5,0.5858711301179349,No,4,(1/4096) * (1829 + 516*zeta^1 + 154*zeta^2 + 117*zeta^3 + 1480*zeta^4)
A_5,10001 10011 10101 10111 11001 11011 11101 11111,4096,6,0.6686038294257733,No,2,(1/4096) * (1841 + 584*zeta^1 + 170*zeta^2 + 59*zeta^3 + 37*zeta^4 + 1405*zeta^5)
A_5,10001 10011 10101 10111 11001 11011 11101 11111,4096,7,0.729099994876575,No,2,(1/4096) * (1835 + 580*zeta^1 + 169*zeta^2 + 59*zeta^3 + 29*zeta^4 + 25*zeta^5 + 1399*zeta^6)
A_5,10001 10011 10101 10111 11001 11011 11101 11111,4096,8,0.77660702093767,No,1,(1/4096) * (1829 + 610*zeta^1 + 193*zeta^2 + 56*zeta^3 + 19*zeta^4 + 10*zeta^5 + 7*zeta^6 + 1372*zeta^7)
K4_01_001_101,01 001 101,4096,2,1.0,No,1,(1/4096) * (4096)
K4_01_001_101,01 001 101,4096,3,0.25036630021367556,No,1,(1/4096) * (2049 + 1024*zeta^1 + 1023*zeta^2)
K4_01_001_101,01 001 101,4096,4,0.00927734375,No,53,(1/4096) * (2029 + 2067*zeta^2)
K4_01_001_101,01 001 101,4096,5,0.14233345671339145,No,3,(1/4096) * (1790 + 769*zeta^2 + 1282*zeta^3 + 255*zeta^4)
K4_01_001_101,01 001 101,4096,6,0.25036630021367545,No,1,(1/4096) * (2049 + 1023*zeta^2 + 1024*zeta^4)
K4_01_001_101,01 001 101,4096,7,0.38903807285874986,No,1,(1/4096) * (2049 + 1023*zeta^2 + 1024*zeta^5)
K4_01_001_101,01 001 101,4096,8,0.5002442002005514,No,1,(1/4096) * (2049 + 1023*zeta^2 + 1024*zeta^6)
K4_10_010_110,10 010 110,4096,2,1.0,No,1,(1/4096) * (4096)
K4_10_010_110,10 010 110,4096,3,0.2503659431087823,No,64,(1/4096) * (2048 + 1056*zeta^1 + 992*zeta^2)
K4_10_010_110,10 010 110,4096,4,0.00927734375,No,53,(1/4096) * (2067 + 2029*zeta^2)
K4_10_010_110,10 010 110,4096,5,0.1433453157553473,No,3,(1/4096) * (1794 + 257*zeta^1 + 1278*zeta^2 + 767*zeta^3)
K4_10_010_110,10 010 110,4096,6,0.2503659431087822,No,64,(1/4096) * (2048 + 992*zeta^2 + 1056*zeta^4)
K4_10_010_110,10 010 110,4096,7,0.38903788555589025,No,64,(1/4096) * (2048 + 992*zeta^2 + 1056*zeta^5)
K4_10_010_110,10 010 110,4096,8,0.5002440810494412,No,64,(1/4096) * (2048 + 992*zeta^2 + 1056*zeta^6)
K4_11_011_111,11 011 111,4096,2,1.0,No,1,(1/4096) * (4096)
K4_11_011_111,11 011 111,4096,3,0.34061589710076307,No,1,(1/4096) * (1901 + 1756*zeta^1 + 439*zeta^2)
K4_11_011_111,11 011 111,4096,4,6.123233995736766e-17,Yes,1,(1/4096) * (2048 + 2048*zeta^2)
K4_11_011_111,11 011 111,4096,5,0.20732968064923193,No,1,(1/4096) * (1817 + 99*zeta^1 + 397*zeta^2 + 1585*zeta^3 + 198*zeta^4)
K4_11_011_111,11 011 111,4096,6,0.34061589710076284,No,1,(1/4096) * (1901 + 439*zeta^2 + 1756*zeta^4)
K4_11_011_111,11 011 111,4096,7,0.43257951591027866,No,1,(1/4096) * (1798 + 49*zeta^1 + 387*zeta^2 + 24*zeta^3 + 193*zeta^4 + 1548*zeta^5 + 97*zeta^6)
K4_11_011_111,11 011 111,4096,8,0.5000977420639203,No,1,(1/4096) * (1843 + 409*zeta^2 + 205*zeta^4 + 1639*zeta^6)
K4_01_10,01 10,4096,2,1.0,No,1,(1/4096) * (4096*zeta^1)
K4_01_10,01 10,4096,3,0.5000001788139024,No,1,(1/4096) * (2047*zeta^1 + 2049*zeta^2)
K4_01_10,01 10,4096,4,0.00830078125,No,45,(1/4096) * (2031*zeta^1 + 2065*zeta^3)
K4_01_10,01 10,4096,5,0.3090173433064186,No,1,(1/4096) * (2047*zeta^1 + 2049*zeta^4)
K4_01_10,01 10,4096,6,0.5000001788139021,No,1,(1/4096) * (2047*zeta^1 + 2049*zeta^5)
K4_01_10,01 10,4096,7,0.6234899187298016,No,1,(1/4096) * (2047*zeta^1 + 2049*zeta^6)
K4_01_10,01 10,4096,8,0.7071068654802393,No,1,(1/4096) * (2047*zeta^1 + 2049*zeta^7)
K4_01_010_110,01 010 110,4096,2,1.0,No,1,(1/4096) * (4096*zeta^1)
K4_01_010_110,01 010 110,4096,3,0.5000001788139024,No,1,(1/4096) * (2047*zeta^1 + 2049*zeta^2)
K4_01_010_110,01 010 110,4096,4,0.00830078125,No,45,(1/4096) * (2031*zeta^1 + 2065*zeta^3)
K4_01_010_110,01 010 110,4096,5,0.3090173433064186,No,1,(1/4096) * (2047*zeta^1 + 2049*zeta^4)
K4_01_010_110,01 010 110,4096,6,0.5000001788139021,No,1,(1/4096) * (2047*zeta^1 + 2049*zeta^5)
K4_01_010_110,01 010 110,4096,7,0.6234899187298016,No,1,(1/4096) * (2047*zeta^1 + 2049*zeta^6)
K4_01_010_110,01 010 110,4096,8,0.7071068654802393,No,1,(1/4096) * (2047*zeta^1 + 2049*zeta^7)
K4_10_001_101,10 001 101,4096,2,1.0,No,1,(1/4096) * (4096*zeta^1)
K4_10_001_101,10 001 101,4096,3,0.5000001788139024,No,1,(1/4096) * (2047*zeta^1 + 2049*zeta^2)
K4_10_001_101,10 001 101,4096,4,0.00830078125,No,45,(1/4096) * (2031*zeta^1 + 2065*zeta^3)
K4_10_001_101,10 001 101,4096,5,0.3090173433064186,No,1,(1/4096) * (2047*zeta^1 + 2049*zeta^4)
K4_10_001_101,10 001 101,4096,6,0.5000001788139021,No,1,(1/4096) * (2047*zeta^1 + 2049*zeta^5)
K4_10_001_101,10 001 101,4096,7,0.6234899187298016,No,1,(1/4096) * (2047*zeta^1 + 2049*zeta^6)
K4_10_001_101,10 001 101,4096,8,0.7071068654802393,No,1,(1/4096) * (2047*zeta^1 + 2049*zeta^7)
K4_001_010_101_110,001 010 101 110,4096,2,1.0,No,1,(1/4096) * (4096*zeta^1)
K4_001_010_101_110,001 010 101 110,4096,3,0.5000001788139024,No,1,(1/4096) * (2047*zeta^1 + 2049*zeta^2)
K4_001_010_101_110,001 010 101 110,4096,4,0.00830078125,No,45,(1/4096) * (2031*zeta^1 + 2065*zeta^3)
K4_001_010_101_110,001 010 101 110,4096,5,0.3090173433064186,No,1,(1/4096) * (2047*zeta^1 + 2049*zeta^4)
K4_001_010_101_110,001 010 101 110,4096,6,0.5000001788139021,No,1,(1/4096) * (2047*zeta^1 + 2049*zeta^5)
K4_001_010_101_110,001 010 101 110,4096,7,0.6234899187298016,No,1,(1/4096) * (2047*zeta^1 + 2049*zeta^6)
K4_001_010_101_110,001 010 101 110,4096,8,0.7071068654802393,No,1,(1/4096) * (2047*zeta^1 + 2049*zeta^7)
K4_1_01_10,1 01 10,4096,2,0.34375,No,64,(1/4096) * (1344 + 2752*zeta^1)
K4_1_01_10,1 01 10,4096,3,0.18925906595261852,No,1,(1/4096) * (1463 + 1756*zeta^1 + 877*zeta^2)
K4_1_01_10,1 01 10,4096,4,0.005132762705475766,No,51,(1/4096) * (884 + 1154*zeta^1 + 905*zeta^2 + 1153*zeta^3)
K4_1_01_10,1 01 10,4096,5,0.15964842784448266,No,1,(1/4096) * (1322 + 660*zeta^1 + 330*zeta^2 + 1189*zeta^3 + 595*zeta^4)
K4_1_01_10,1 01 10,4096,6,0.2883933286228567,No,1,(1/4096) * (1300 + 650*zeta^1 + 325*zeta^2 + 163*zeta^3 + 1106*zeta^4 + 552*zeta^5)
K4_1_01_10,1 01 10,4096,7,0.3936448751890142,No,1,(1/4096) * (1290 + 645*zeta^1 + 323*zeta^2 + 162*zeta^3 + 80*zeta^4 + 1064*zeta^5 + 532*zeta^6)
K4_1_01_10,1 01 10,4096,8,0.48005577248829945,No,1,(1/4096) * (1285 + 643*zeta^1 + 322*zeta^2 + 160*zeta^3 + 80*zeta^4 + 40*zeta^5 + 1044*zeta^6 + 522*zeta^7)
K4_1_01_001_101,1 01 001 101,4096,2,0.34375,No,64,(1/4096) * (1344 + 2752*zeta^1)
K4_1_01_001_101,1 01 001 101,4096,3,0.34061589710076284,No,1,(1/4096) * (1901 + 439*zeta^1 + 1756*zeta^2)
K4_1_01_001_101,1 01 001 101,4096,4,0.007084286195579571,No,43,(1/4096) * (1066 + 997*zeta^1 + 1065*zeta^2 + 968*zeta^3)
K4_1_01_001_101,1 01 001 101,4096,5,0.14090745429710153,No,1,(1/4096) * (595 + 298*zeta^1 + 1684*zeta^2 + 330*zeta^3 + 1189*zeta^4)
K4_1_01_001_101,1 01 001 101,4096,6,0.14715990070991858,No,16,(1/4096) * (600 + 816*zeta^1 + 400*zeta^2 + 712*zeta^3 + 360*zeta^4 + 1208*zeta^5)
K4_1_01_001_101,1 01 001 101,4096,7,0.24715681016309685,No,8,(1/4096) * (588 + 808*zeta^1 + 400*zeta^2 + 200*zeta^3 + 612*zeta^4 + 308*zeta^5 + 1180*zeta^6)
K4_1_01_001_101,1 01 001 101,4096,8,0.3400996539434486,No,4,(1/4096) * (582 + 804*zeta^1 + 400*zeta^2 + 200*zeta^3 + 100*zeta^4 + 562*zeta^5 + 282*zeta^6 + 1166*zeta^7)
K4_1_01_010_110,1 01 010 110,4096,2,0.34375,No,64,(1/4096) * (1344 + 2752*zeta^1)
K4_1_01_010_110,1 01 010 110,4096,3,0.18925906595261852,No,1,(1/4096) * (1463 + 1756*zeta^1 + 877*zeta^2)
K4_1_01_010_110,1 01 010 110,4096,4,0.005132762705475766,No,51,(1/4096) * (884 + 1154*zeta^1 + 905*zeta^2 + 1153*zeta^3)
K4_1_01_010_110,1 01 010 110,4096,5,0.15964842784448266,No,1,(1/4096) * (1322 + 660*zeta^1 + 330*zeta^2 + 1189*zeta^3 + 595*zeta^4)
K4_1_01_010_110,1 01 010 110,4096,6,0.2883933286228567,No,1,(1/4096) * (1300 + 650*zeta^1 + 325*zeta^2 + 163*zeta^3 + 1106*zeta^4 + 552*zeta^5)
K4_1_01_010_110,1 01 010 110,4096,7,0.3936448751890142,No,1,(1/4096) * (1290 + 645*zeta^1 + 323*zeta^2 + 162*zeta^3 + 80*zeta^4 + 1064*zeta^5 + 532*zeta^6)
K4_1_01_010_110,1 01 010 110,4096,8,0.48005577248829945,No,1,(1/4096) * (1285 + 643*zeta^1 + 322*zeta^2 + 160*zeta^3 + 80*zeta^4 + 40*zeta^5 + 1044*zeta^6 + 522*zeta^7)
K4_1_10_001_101,1 10 001 101,4096,2,0.34375,No,64,(1/4096) * (1344 + 2752*zeta^1)
K4_1_10_001_101,1 10 001 101,4096,3,0.18925906595261852,No,1,(1/4096) * (1463 + 1756*zeta^1 + 877*zeta^2)
K4_1_10_001_101,1 10 001 101,4096,4,0.005132762705475766,No,51,(1/4096) * (884 + 1154*zeta^1 + 905*zeta^2 + 1153*zeta^3)
K4_1_10_001_101,1 10 001 101,4096,5,0.15964842784448266,No,1,(1/4096) * (1322 + 660*zeta^1 + 330*zeta^2 + 1189*zeta^3 + 595*zeta^4)
K4_1_10_001_101,1 10 001 101,4096,6,0.2883933286228567,No,1,(1/4096) * (1300 + 650*zeta^1 + 325*zeta^2 + 163*zeta^3 + 1106*zeta^4 + 552*zeta^5)
K4_1_10_001_101,1 10 001 101,4096,7,0.3936448751890142,No,1,(1/4096) * (1290 + 645*zeta^1 + 323*zeta^2 + 162*zeta^3 + 80*zeta^4 + 1064*zeta^5 + 532*zeta^6)
K4_1_10_001_101,1 10 001 101,4096,8,0.48005577248829945,No,1,(1/4096) * (1285 + 643*zeta^1 + 322*zeta^2 + 160*zeta^3 + 80*zeta^4 + 40*zeta^5 + 1044*zeta^6 + 522*zeta^7)
K4_1_10_010_110,1 10 010 110,4096,2,0.34375,No,64,(1/4096) * (1344 + 2752*zeta^1)
K4_1_10_010_110,1 10 010 110,4096,3,0.2497384371978162,No,1,(1/4096) * (732 + 1901*zeta^1 + 1463*zeta^2)
K4_1_10_010_110,1 10 010 110,4096,4,0.007084286195579519,No,43,(1/4096) * (1065 + 968*zeta^1 + 1066*zeta^2 + 997*zeta^3)
K4_1_10_010_110,1 10 010 110,4096,5,0.21971855678224897,No,1,(1/4096) * (660 + 1354*zeta^1 + 165*zeta^2 + 595*zeta^3 + 1322*zeta^4)
K4_1_10_010_110,1 10 010 110,4096,6,0.38158836045917466,No,1,(1/4096) * (650 + 1349*zeta^1 + 163*zeta^2 + 82*zeta^3 + 552*zeta^4 + 1300*zeta^5)
K4_1_10_010_110,1 10 010 110,4096,7,0.5001236186280099,No,1,(1/4096) * (645 + 1347*zeta^1 + 162*zeta^2 + 80*zeta^3 + 40*zeta^4 + 532*zeta^5 + 1290*zeta^6)
K4_1_10_010_110,1 10 010 110,4096,8,0.5880379961371439,No,1,(1/4096) * (643 + 1346*zeta^1 + 160*zeta^2 + 80*zeta^3 + 40*zeta^4 + 20*zeta^5 + 522*zeta^6 + 1285*zeta^7)
K4_1_11_011_111,1 11 011 111,4096,2,0.34375,No,64,(1/4096) * (1344 + 2752*zeta^1)
K4_1_11_011_111,1 11 011 111,4096,3,0.25036630021367556,No,1,(1/4096) * (2049 + 1023*zeta^1 + 1024*zeta^2)
K4_1_11_011_111,1 11 011 111,4096,4,0.007084286195579516,No,43,(1/4096) * (1066 + 968*zeta^1 + 1065*zeta^2 + 997*zeta^3)
K4_1_11_011_111,1 11 011 111,4096,5,0.18724547305034847,No,1,(1/4096) * (562 + 396*zeta^1 + 1123*zeta^2 + 793*zeta^3 + 1222*zeta^4)
K4_1_11_011_111,1 11 011 111,4096,6,0.30040618499021826,No,1,(1/4096) * (683 + 341*zeta^1 + 1366*zeta^3 + 682*zeta^4 + 1024*zeta^5)
K4_1_11_011_111,1 11 011 111,4096,7,0.37648731996254636,No,1,(1/4096) * (580 + 274*zeta^1 + 73*zeta^2 + 290*zeta^3 + 1161*zeta^4 + 549*zeta^5 + 1169*zeta^6)
K4_1_11_011_111,1 11 011 111,4096,8,0.43145372652474234,No,1,(1/4096) * (522 + 322*zeta^1 + 40*zeta^2 + 261*zeta^3 + 160*zeta^4 + 1044*zeta^5 + 643*zeta^6 + 1104*zeta^7)
K4_001_010_100_111,001 010 100 111,4096,2,0.66650390625,No,1,(1/4096) * (683 + 3413*zeta^1)
K4_001_010_100_111,001 010 100 111,4096,3,0.36924774391864273,No,1,(1/4096) * (365 + 1975*zeta^1 + 1756*zeta^2)
K4_001_010_100_111,001 010 100 111,4096,4,0.005869538711021096,No,51,(1/4096) * (1077 + 971*zeta^1 + 1060*zeta^2 + 988*zeta^3)
K4_001_010_100_111,001 010 100 111,4096,5,0.26207498474847823,No,1,(1/4096) * (330 + 1701*zeta^1 + 83*zeta^2 + 298*zeta^3 + 1684*zeta^4)
K4_001_010_100_111,001 010 100 111,4096,6,0.439078412836672,No,1,(1/4096) * (325 + 1699*zeta^1 + 82*zeta^2 + 40*zeta^3 + 276*zeta^4 + 1674*zeta^5)
K4_001_010_100_111,001 010 100 111,4096,7,0.5605819375273638,No,1,(1/4096) * (323 + 1698*zeta^1 + 80*zeta^2 + 40*zeta^3 + 20*zeta^4 + 266*zeta^5 + 1669*zeta^6)
K4_001_010_100_111,001 010 100 111,4096,8,0.6465600215332589,No,1,(1/4096) * (322 + 1696*zeta^1 + 80*zeta^2 + 40*zeta^3 + 20*zeta^4 + 10*zeta^5 + 261*zeta^6 + 1667*zeta^7)
K4_001_011_100_110,001 011 100 110,4096,2,1.0,No,2,(1/4096) * (4096*zeta^1)
K4_001_011_100_110,001 011 100 110,4096,3,0.31286628237934466,No,2,(1/4096) * (511 + 1792*zeta^1 + 1793*zeta^2)
K4_001_011_100_110,001 011 100 110,4096,4,0.005371093749999954,No,55,(1/4096) * (1035 + 1024*zeta^1 + 1013*zeta^2 + 1024*zeta^3)
K4_001_011_100_110,001 011 100 110,4096,5,0.2026959539308926,No,1,(1/4096) * (1025 + 1024*zeta^1 + 511*zeta^2 + 512*zeta^3 + 1024*zeta^4)
K4_001_011_100_110,001 011 100 110,4096,6,0.37536627048398896,No,1,(1/4096) * (1025 + 1024*zeta^1 + 511*zeta^2 + 512*zeta^4 + 1024*zeta^5)
K4_001_011_100_110,001 011 100 110,4096,7,0.5064131904010156,No,1,(1/4096) * (1025 + 1024*zeta^1 + 511*zeta^2 + 512*zeta^5 + 1024*zeta^6)
K4_001_011_100_110,001 011 100 110,4096,8,0.6037975805764103,No,1,(1/4096) * (1025 + 1024*zeta^1 + 511*zeta^2 + 512*zeta^6 + 1024*zeta^7)
TM,1,8192,2,0.3359375,No,32,(1/8192) * (2720 + 5472*zeta^1)
TM,1,8192,3,0.3790723299039749,No,16,(1/8192) * (2336 + 1168*zeta^1 + 4688*zeta^2)
TM,1,8192,4,0.4489639222873314,No,32,(1/8192) * (2176 + 1088*zeta^1 + 544*zeta^2 + 4384*zeta^3)
TM,1,8192,5,0.5157892178065822,No,8,(1/8192) * (2112 + 1056*zeta^1 + 528*zeta^2 + 264*zeta^3 + 4232*zeta^4)
TM,1,8192,6,0.5818608181676697,No,64,(1/8192) * (2112 + 1024*zeta^1 + 512*zeta^2 + 256*zeta^3 + 128*zeta^4 + 4160*zeta^5)
TM,1,8192,7,0.6337805603812409,No,32,(1/8192) * (2080 + 1024*zeta^1 + 512*zeta^2 + 256*zeta^3 + 128*zeta^4 + 64*zeta^5 + 4128*zeta^6)
TM,1,8192,8,0.6795356458404788,No,16,(1/8192) * (2064 + 1024*zeta^1 + 512*zeta^2 + 256*zeta^3 + 128*zeta^4 + 64*zeta^5 + 32*zeta^6 + 4112*zeta^7)
RS,11,8192,2,6.123233995736766e-17,Yes,1,(1/8192) * (4096 + 4096*zeta^1)
RS,11,8192,3,0.3408269362366175,No,1,(1/8192) * (3804 + 877*zeta^1 + 3511*zeta^2)
RS,11,8192,4,0.5001464867584875,No,1,(1/8192) * (3687 + 819*zeta^1 + 409*zeta^2 + 3277*zeta^3)
RS,11,8192,5,0.5949463508165361,No,1,(1/8192) * (3633 + 793*zeta^1 + 397*zeta^2 + 198*zeta^3 + 3171*zeta^4)
RS,11,8192,6,0.661553174576153,No,1,(1/8192) * (3609 + 780*zeta^1 + 390*zeta^2 + 195*zeta^3 + 97*zeta^4 + 3121*zeta^5)
RS,11,8192,7,0.7119447288906586,No,1,(1/8192) * (3596 + 774*zeta^1 + 387*zeta^2 + 193*zeta^3 + 97*zeta^4 + 49*zeta^5 + 3096*zeta^6)
RS,11,8192,8,0.7520735920070125,No,1,(1/8192) * (3590 + 771*zeta^1 + 385*zeta^2 + 193*zeta^3 + 97*zeta^4 + 48*zeta^5 + 24*zeta^6 + 3084*zeta^7)
RS*TM,11 1,8192,2,0.004638671875,Yes,53,(1/8192) * (4077 + 4115*zeta^1)
RS*TM,11 1,8192,3,0.24994769145184115,No,1,(1/8192) * (1463 + 2926*zeta^1 + 3803*zeta^2)
RS*TM,11 1,8192,4,0.37269619741595644,No,1,(1/8192) * (1366 + 682*zeta^1 + 2731*zeta^2 + 3413*zeta^3)
RS*TM,11 1,8192,5,0.44256607663231723,No,1,(1/8192) * (1189 + 660*zeta^1 + 595*zeta^2 + 2378*zeta^3 + 3370*zeta^4)
RS*TM,11 1,8192,6,0.49107017547893417,No,1,(1/8192) * (1171 + 585*zeta^1 + 585*zeta^2 + 292*zeta^3 + 2341*zeta^4 + 3218*zeta^5)
RS*TM,11 1,8192,7,0.5293669625221433,No,1,(1/8192) * (1096 + 581*zeta^1 + 548*zeta^2 + 291*zeta^3 + 274*zeta^4 + 2193*zeta^5 + 3209*zeta^6)
RS*TM,11 1,8192,8,0.5626073625490234,No,1,(1/8192) * (1093 + 546*zeta^1 + 546*zeta^2 + 273*zeta^3 + 273*zeta^4 + 136*zeta^5 + 2185*zeta^6 + 3140*zeta^7)
"A_{1,101,111}",1 101 111,8192,2,0.002685546875,Yes,53,(1/8192) * (4107 + 4085*zeta^1)
"A_{1,101,111}",1 101 111,8192,3,0.2465628134915253,No,2,(1/8192) * (1390 + 3292*zeta^1 + 3510*zeta^2)
"A_{1,101,111}",1 101 111,8192,4,0.35859105393802837,No,2,(1/8192) * (1194 + 853*zeta^1 + 2902*zeta^2 + 3243*zeta^3)
"A_{1,101,111}",1 101 111,8192,5,0.4245466228661867,No,2,(1/8192) * (1090 + 776*zeta^1 + 545*zeta^2 + 2692*zeta^3 + 3089*zeta^4)
"A_{1,101,111}",1 101 111,8192,6,0.4717052760794941,No,2,(1/8192) * (1024 + 732*zeta^1 + 512*zeta^2 + 366*zeta^3 + 2560*zeta^4 + 2998*zeta^5)
"A_{1,101,111}",1 101 111,8192,7,0.5106347135848429,No,2,(1/8192) * (984 + 702*zeta^1 + 491*zeta^2 + 350*zeta^3 + 246*zeta^4 + 2480*zeta^5 + 2939*zeta^6)
"A_{1,101,111}",1 101 111,8192,8,0.5439188371843146,No,2,(1/8192) * (955 + 682*zeta^1 + 478*zeta^2 + 342*zeta^3 + 239*zeta^4 + 171*zeta^5 + 2424*zeta^6 + 2901*zeta^7)
"{101,111}",101 111,8192,2,6.123233995736766e-17,Yes,1,(1/8192) * (4096 + 4096*zeta^1)
"{101,111}",101 111,8192,3,0.29585449597506214,No,1,(1/8192) * (3876 + 1171*zeta^1 + 3145*zeta^2)
"{101,111}",101 111,8192,4,0.48075771171268356,No,1,(1/8192) * (3788 + 1126*zeta^1 + 308*zeta^2 + 2970*zeta^3)
"{101,111}",101 111,8192,5,0.5977454389286916,No,1,(1/8192) * (3750 + 1107*zeta^1 + 297*zeta^2 + 148*zeta^3 + 2890*zeta^4)
"{101,111}",101 111,8192,6,0.6760916796221239,No,1,(1/8192) * (3730 + 1097*zeta^1 + 292*zeta^2 + 146*zeta^3 + 74*zeta^4 + 2853*zeta^5)
"{101,111}",101 111,8192,7,0.7321159421487186,No,1,(1/8192) * (3721 + 1092*zeta^1 + 290*zeta^2 + 146*zeta^3 + 73*zeta^4 + 36*zeta^5 + 2834*zeta^6)
"{101,111}",101 111,8192,8,0.7745776679419681,No,1,(1/8192) * (3716 + 1090*zeta^1 + 290*zeta^2 + 145*zeta^3 + 72*zeta^4 + 36*zeta^5 + 18*zeta^6 + 2825*zeta^7)
{01},01,8192,2,0.004638671875,Yes,53,(1/8192) * (4077 + 4115*zeta^1)
{01},01,8192,3,0.2501831278041319,No,1,(1/8192) * (4097 + 2047*zeta^1 + 2048*zeta^2)
{01},01,8192,4,0.5001220852100239,No,1,(1/8192) * (4097 + 2047*zeta^1 + 2048*zeta^3)
{01},01,8192,5,0.6545928559940248,No,1,(1/8192) * (4097 + 2047*zeta^1 + 2048*zeta^4)
{01},01,8192,6,0.7500610426062241,No,1,(1/8192) * (4097 + 2047*zeta^1 + 2048*zeta^5)
{01},01,8192,7,0.8117908672570348,No,1,(1/8192) * (4097 + 2047*zeta^1 + 2048*zeta^6)
{01},01,8192,8,0.8535891485242896,No,1,(1/8192) * (4097 + 2047*zeta^1 + 2048*zeta^7)
{10},10,8192,2,0.004638671875,Yes,53,(1/8192) * (4115 + 4077*zeta^1)
{10},10,8192,3,0.2500915359767049,No,64,(1/8192) * (4096 + 2016*zeta^1 + 2080*zeta^2)
{10},10,8192,4,0.5000610314314143,No,64,(1/8192) * (4096 + 2016*zeta^1 + 2080*zeta^3)
{10},10,8192,5,0.6545506700844943,No,64,(1/8192) * (4096 + 2016*zeta^1 + 2080*zeta^4)
{10},10,8192,6,0.7500305169572685,No,64,(1/8192) * (4096 + 2016*zeta^1 + 2080*zeta^5)
{10},10,8192,7,0.8117678809628642,No,64,(1/8192) * (4096 + 2016*zeta^1 + 2080*zeta^6)
{10},10,8192,8,0.8535712671894472,No,64,(1/8192) * (4096 + 2016*zeta^1 + 2080*zeta^7)
"{01,10,11}",01 10 11,8192,2,6.123233995736766e-17,Yes,1,(1/8192) * (4096 + 4096*zeta^1)
"{01,10,11}",01 10 11,8192,3,0.34063499243542156,No,1,(1/8192) * (3803 + 878*zeta^1 + 3511*zeta^2)
"{01,10,11}",01 10 11,8192,4,0.4999511814126744,No,1,(1/8192) * (3686 + 819*zeta^1 + 410*zeta^2 + 3277*zeta^3)
"{01,10,11}",01 10 11,8192,5,0.595176223332141,No,1,(1/8192) * (3634 + 793*zeta^1 + 396*zeta^2 + 198*zeta^3 + 3171*zeta^4)
"{01,10,11}",01 10 11,8192,6,0.6614147695077847,No,1,(1/8192) * (3608 + 780*zeta^1 + 390*zeta^2 + 195*zeta^3 + 98*zeta^4 + 3121*zeta^5)
"{01,10,11}",01 10 11,8192,7,0.7118219191568018,No,1,(1/8192) * (3596 + 774*zeta^1 + 387*zeta^2 + 194*zeta^3 + 97*zeta^4 + 48*zeta^5 + 3096*zeta^6)
"{01,10,11}",01 10 11,8192,8,0.7521702253603291,No,1,(1/8192) * (3590 + 771*zeta^1 + 386*zeta^2 + 193*zeta^3 + 96*zeta^4 + 48*zeta^5 + 24*zeta^6 + 3084*zeta^7)
A_3,101 111,8192,2,6.123233995736766e-17,Yes,1,(1/8192) * (4096 + 4096*zeta^1)
A_3,101 111,8192,3,0.29585449597506214,No,1,(1/8192) * (3876 + 1171*zeta^1 + 3145*zeta^2)
A_3,101 111,8192,4,0.48075771171268356,No,1,(1/8192) * (3788 + 1126*zeta^1 + 308*zeta^2 + 2970*zeta^3)
A_3,101 111,8192,5,0.5977454389286916,No,1,(1/8192) * (3750 + 1107*zeta^1 + 297*zeta^2 + 148*zeta^3 + 2890*zeta^4)
A_3,101 111,8192,6,0.6760916796221239,No,1,(1/8192) * (3730 + 1097*zeta^1 + 292*zeta^2 + 146*zeta^3 + 74*zeta^4 + 2853*zeta^5)
A_3,101 111,8192,7,0.7321159421487186,No,1,(1/8192) * (3721 + 1092*zeta^1 + 290*zeta^2 + 146*zeta^3 + 73*zeta^4 + 36*zeta^5 + 2834*zeta^6)
A_3,101 111,8192,8,0.7745776679419681,No,1,(1/8192) * (3716 + 1090*zeta^1 + 290*zeta^2 + 145*zeta^3 + 72*zeta^4 + 36*zeta^5 + 18*zeta^6 + 2825*zeta^7)
A_4,1001 1011 1101 1111,8192,2,6.123233995736766e-17,Yes,1,(1/8192) * (4096 + 4096*zeta^1)
A_4,1001 1011 1101 1111,8192,3,0.28873855894302375,No,2,(1/8192) * (3785 + 1188*zeta^1 + 3219*zeta^2)
A_4,1001 1011 1101 1111,8192,4,0.46543116279140917,No,2,(1/8192) * (3688 + 1076*zeta^1 + 408*zeta^2 + 3020*zeta^3)
A_4,1001 1011 1101 1111,8192,5,0.5835001101708273,No,1,(1/8192) * (3708 + 1213*zeta^1 + 350*zeta^2 + 112*zeta^3 + 2809*zeta^4)
A_4,1001 1011 1101 1111,8192,6,0.6696970147984698,No,1,(1/8192) * (3693 + 1206*zeta^1 + 348*zeta^2 + 111*zeta^3 + 55*zeta^4 + 2779*zeta^5)
A_4,1001 1011 1101 1111,8192,7,0.7319531869517375,No,1,(1/8192) * (3686 + 1204*zeta^1 + 347*zeta^2 + 109*zeta^3 + 54*zeta^4 + 27*zeta^5 + 2765*zeta^6)
A_4,1001 1011 1101 1111,8192,8,0.7782081943756985,No,1,(1/8192) * (3684 + 1203*zeta^1 + 345*zeta^2 + 108*zeta^3 + 54*zeta^4 + 27*zeta^5 + 13*zeta^6 + 2758*zeta^7)
A_5,10001 10011 10101 10111 11001 11011 11101 11111,8192,2,6.123233995736766e-17,Yes,1,(1/8192) * (4096 + 4096*zeta^1)
A_5,10001 10011 10101 10111 11001 11011 11101 11111,8192,3,0.29090661689095065,No,4,(1/8192) * (3795 + 1177*zeta^1 + 3220*zeta^2)
A_5,10001 10011 10101 10111 11001 11011 11101 11111,8192,4,0.4706220754909963,No,4,(1/8192) * (3696 + 1048*zeta^1 + 400*zeta^2 + 3048*zeta^3)
A_5,10001 10011 10101 10111 11001 11011 11101 11111,8192,5,0.583063528821386,No,4,(1/8192) * (3648 + 1029*zeta^1 + 316*zeta^2 + 242*zeta^3 + 2957*zeta^4)
A_5,10001 10011 10101 10111 11001 11011 11101 11111,8192,6,0.6667885979271088,No,2,(1/8192) * (3677 + 1169*zeta^1 + 344*zeta^2 + 122*zeta^3 + 75*zeta^4 + 2805*zeta^5)
A_5,10001 10011 10101 10111 11001 11011 11101 11111,8192,7,0.7284408191814608,No,2,(1/8192) * (3671 + 1163*zeta^1 + 340*zeta^2 + 121*zeta^3 + 59*zeta^4 + 45*zeta^5 + 2793*zeta^6)
A_5,10001 10011 10101 10111 11001 11011 11101 11111,8192,8,0.7765235350315471,No,1,(1/8192) * (3660 + 1221*zeta^1 + 386*zeta^2 + 113*zeta^3 + 40*zeta^4 + 19*zeta^5 + 10*zeta^6 + 2743*zeta^7)
K4_01_001_101,01 001 101,8192,2,1.0,No,1,(1/8192) * (8192)
K4_01_001_101,01 001 101,8192,3,0.2501831278041319,No,1,(1/8192) * (4097 + 2048*zeta^1 + 2047*zeta^2)
K4_01_001_101,01 001 101,8192,4,0.004638671875,Yes,53,(1/8192) * (4077 + 4115*zeta^2)
K4_01_001_101,01 001 101,8192,5,0.1425835577777673,No,3,(1/8192) * (3582 + 1537*zeta^2 + 2562*zeta^3 + 511*zeta^4)
K4_01_001_101,01 001 101,8192,6,0.25018312780413177,No,1,(1/8192) * (4097 + 2047*zeta^2 + 2048*zeta^4)
K4_01_001_101,01 001 101,8192,7,0.38888878474427896,No,1,(1/8192) * (4097 + 2047*zeta^2 + 2048*zeta^5)
K4_01_001_101,01 001 101,8192,8,0.5001220852100237,No,1,(1/8192) * (4097 + 2047*zeta^2 + 2048*zeta^6)
K4_10_010_110,10 010 110,8192,2,1.0,No,1,(1/8192) * (8192)
K4_10_010_110,10 010 110,8192,3,0.2500915359767049,No,64,(1/8192) * (4096 + 2080*zeta^1 + 2016*zeta^2)
K4_10_010_110,10 010 110,8192,4,0.004638671875,Yes,53,(1/8192) * (4115 + 4077*zeta^2)
K4_10_010_110,10 010 110,8192,5,0.14308949742407573,No,3,(1/8192) * (3586 + 513*zeta^1 + 2558*zeta^2 + 1535*zeta^3)
K4_10_010_110,10 010 110,8192,6,0.25009153597670486,No,64,(1/8192) * (4096 + 2016*zeta^2 + 2080*zeta^4)
K4_10_010_110,10 010 110,8192,7,0.38881414261826913,No,64,(1/8192) * (4096 + 2016*zeta^2 + 2080*zeta^5)
K4_10_010_110,10 010 110,8192,8,0.5000610314314142,No,64,(1/8192) * (4096 + 2016*zeta^2 + 2080*zeta^6)
K4_11_011_111,11 011 111,8192,2,1.0,No,1,(1/8192) * (8192)
K4_11_011_111,11 011 111,8192,3,0.3408269362366177,No,1,(1/8192) * (3804 + 3511*zeta^1 + 877*zeta^2)
K4_11_011_111,11 011 111,8192,4,6.123233995736766e-17,Yes,1,(1/8192) * (4096 + 4096*zeta^2)
K4_11_011_111,11 011 111,8192,5,0.20754166891325307,No,1,(1/8192) * (3633 + 198*zeta^1 + 793*zeta^2 + 3171*zeta^3 + 397*zeta^4)
K4_11_011_111,11 011 111,8192,6,0.3408269362366174,No,1,(1/8192) * (3804 + 877*zeta^2 + 3511*zeta^4)
K4_11_011_111,11 011 111,8192,7,0.43231430956046835,No,1,(1/8192) * (3596 + 97*zeta^1 + 774*zeta^2 + 49*zeta^3 + 387*zeta^4 + 3096*zeta^5 + 193*zeta^6)
K4_11_011_111,11 011 111,8192,8,0.5001464867584873,No,1,(1/8192) * (3687 + 819*zeta^2 + 409*zeta^4 + 3277*zeta^6)
K4_01_10,01 10,8192,2,1.0,No,1,(1/8192) * (8192*zeta^1)
K4_01_10,01 10,8192,3,0.5000000447034816,No,1,(1/8192) * (4095*zeta^1 + 4097*zeta^2)
K4_01_10,01 10,8192,4,0.004150390625,Yes,45,(1/8192) * (4079*zeta^1 + 4113*zeta^3)
K4_01_10,01 10,8192,5,0.30901708160785213,No,1,(1/8192) * (4095*zeta^1 + 4097*zeta^4)
K4_01_10,01 10,8192,6,0.5000000447034814,No,1,(1/8192) * (4095*zeta^1 + 4097*zeta^5)
K4_01_10,01 10,8192,7,0.6234898310765026,No,1,(1/8192) * (4095*zeta^1 + 4097*zeta^6)
K4_01_10,01 10,8192,8,0.7071068022599712,No,1,(1/8192) * (4095*zeta^1 + 4097*zeta^7)
K4_01_010_110,01 010 110,8192,2,1.0,No,1,(1/8192) * (8192*zeta^1)
K4_01_010_110,01 010 110,8192,3,0.5000000447034816,No,1,(1/8192) * (4095*zeta^1 + 4097*zeta^2)
K4_01_010_110,01 010 110,8192,4,0.004150390625,Yes,45,(1/8192) * (4079*zeta^1 + 4113*zeta^3)
K4_01_010_110,01 010 110,8192,5,0.30901708160785213,No,1,(1/8192) * (4095*zeta^1 + 4097*zeta^4)
K4_01_010_110,01 010 110,8192,6,0.5000000447034814,No,1,(1/8192) * (4095*zeta^1 + 4097*zeta^5)
K4_01_010_110,01 010 110,8192,7,0.6234898310765026,No,1,(1/8192) * (4095*zeta^1 + 4097*zeta^6)
K4_01_010_110,01 010 110,8192,8,0.7071068022599712,No,1,(1/8192) * (4095*zeta^1 + 4097*zeta^7)
K4_10_001_101,10 001 101,8192,2,1.0,No,1,(1/8192) * (8192*zeta^1)
K4_10_001_101,10 001 101,8192,3,0.5000000447034816,No,1,(1/8192) * (4095*zeta^1 + 4097*zeta^2)
K4_10_001_101,10 001 101,8192,4,0.004150390625,Yes,45,(1/8192) * (4079*zeta^1 + 4113*zeta^3)
K4_10_001_101,10 001 101,8192,5,0.30901708160785213,No,1,(1/8192) * (4095*zeta^1 + 4097*zeta^4)
K4_10_001_101,10 001 101,8192,6,0.5000000447034814,No,1,(1/8192) * (4095*zeta^1 + 4097*zeta^5)
K4_10_001_101,10 001 101,8192,7,0.6234898310765026,No,1,(1/8192) * (4095*zeta^1 + 4097*zeta^6)
K4_10_001_101,10 001 101,8192,8,0.7071068022599712,No,1,(1/8192) * (4095*zeta^1 + 4097*zeta^7)
K4_001_010_101_110,001 010 101 110,8192,2,1.0,No,1,(1/8192) * (8192*zeta^1)
K4_001_010_101_110,001 010 101 110,8192,3,0.5000000447034816,No,1,(1/8192) * (4095*zeta^1 + 4097*zeta^2)
K4_001_010_101_110,001 010 101 110,8192,4,0.004150390625,Yes,45,(1/8192) * (4079*zeta^1 + 4113*zeta^3)
K4_001_010_101_110,001 010 101 110,8192,5,0.30901708160785213,No,1,(1/8192) * (4095*zeta^1 + 4097*zeta^4)
K4_001_010_101_110,001 010 101 110,8192,6,0.5000000447034814,No,1,(1/8192) * (4095*zeta^1 + 4097*zeta^5)
K4_001_010_101_110,001 010 101 110,8192,7,0.6234898310765026,No,1,(1/8192) * (4095*zeta^1 + 4097*zeta^6)
K4_001_010_101_110,001 010 101 110,8192,8,0.7071068022599712,No,1,(1/8192) * (4095*zeta^1 + 4097*zeta^7)
K4_1_01_10,1 01 10,8192,2,0.3359375,No,32,(1/8192) * (2720 + 5472*zeta^1)
K4_1_01_10,1 01 10,8192,3,0.1889130671732753,No,1,(1/8192) * (2925 + 3511*zeta^1 + 1756*zeta^2)
K4_1_01_10,1 01 10,8192,4,0.002566381352737872,Yes,51,(1/8192) * (1793 + 2292*zeta^1 + 1794*zeta^2 + 2313*zeta^3)
K4_1_01_10,1 01 10,8192,5,0.15935052316044798,No,1,(1/8192) * (2643 + 1322*zeta^1 + 660*zeta^2 + 2378*zeta^3 + 1189*zeta^4)
K4_1_01_10,1 01 10,8192,6,0.2887104313231385,No,1,(1/8192) * (2600 + 1300*zeta^1 + 650*zeta^2 + 325*zeta^3 + 2211*zeta^4 + 1106*zeta^5)
K4_1_01_10,1 01 10,8192,7,0.3936712344188521,No,1,(1/8192) * (2580 + 1290*zeta^1 + 645*zeta^2 + 323*zeta^3 + 162*zeta^4 + 2128*zeta^5 + 1064*zeta^6)
K4_1_01_10,1 01 10,8192,8,0.4798172609966308,No,1,(1/8192) * (2570 + 1285*zeta^1 + 643*zeta^2 + 322*zeta^3 + 160*zeta^4 + 80*zeta^5 + 2088*zeta^6 + 1044*zeta^7)
K4_1_01_001_101,1 01 001 101,8192,2,0.3359375,No,32,(1/8192) * (2720 + 5472*zeta^1)
K4_1_01_001_101,1 01 001 101,8192,3,0.3408269362366175,No,1,(1/8192) * (3804 + 877*zeta^1 + 3511*zeta^2)
K4_1_01_001_101,1 01 001 101,8192,4,0.0035421430977898172,Yes,43,(1/8192) * (2120 + 1962*zeta^1 + 2149*zeta^2 + 1961*zeta^3)
K4_1_01_001_101,1 01 001 101,8192,5,0.14126089884013435,No,1,(1/8192) * (1189 + 595*zeta^1 + 3370*zeta^2 + 660*zeta^3 + 2378*zeta^4)
K4_1_01_001_101,1 01 001 101,8192,6,0.14715990070991858,No,32,(1/8192) * (1200 + 1632*zeta^1 + 800*zeta^2 + 1424*zeta^3 + 720*zeta^4 + 2416*zeta^5)
K4_1_01_001_101,1 01 001 101,8192,7,0.24715681016309685,No,16,(1/8192) * (1176 + 1616*zeta^1 + 800*zeta^2 + 400*zeta^3 + 1224*zeta^4 + 616*zeta^5 + 2360*zeta^6)
K4_1_01_001_101,1 01 001 101,8192,8,0.3400996539434486,No,8,(1/8192) * (1164 + 1608*zeta^1 + 800*zeta^2 + 400*zeta^3 + 200*zeta^4 + 1124*zeta^5 + 564*zeta^6 + 2332*zeta^7)
K4_1_01_010_110,1 01 010 110,8192,2,0.3359375,No,32,(1/8192) * (2720 + 5472*zeta^1)
K4_1_01_010_110,1 01 010 110,8192,3,0.1889130671732753,No,1,(1/8192) * (2925 + 3511*zeta^1 + 1756*zeta^2)
K4_1_01_010_110,1 01 010 110,8192,4,0.002566381352737872,Yes,51,(1/8192) * (1793 + 2292*zeta^1 + 1794*zeta^2 + 2313*zeta^3)
K4_1_01_010_110,1 01 010 110,8192,5,0.15935052316044798,No,1,(1/8192) * (2643 + 1322*zeta^1 + 660*zeta^2 + 2378*zeta^3 + 1189*zeta^4)
K4_1_01_010_110,1 01 010 110,8192,6,0.2887104313231385,No,1,(1/8192) * (2600 + 1300*zeta^1 + 650*zeta^2 + 325*zeta^3 + 2211*zeta^4 + 1106*zeta^5)
K4_1_01_010_110,1 01 010 110,8192,7,0.3936712344188521,No,1,(1/8192) * (2580 + 1290*zeta^1 + 645*zeta^2 + 323*zeta^3 + 162*zeta^4 + 2128*zeta^5 + 1064*zeta^6)
K4_1_01_010_110,1 01 010 110,8192,8,0.4798172609966308,No,1,(1/8192) * (2570 + 1285*zeta^1 + 643*zeta^2 + 322*zeta^3 + 160*zeta^4 + 80*zeta^5 + 2088*zeta^6 + 1044*zeta^7)
K4_1_10_001_101,1 10 001 101,8192,2,0.3359375,No,32,(1/8192) * (2720 + 5472*zeta^1)
K4_1_10_001_101,1 10 001 101,8192,3,0.1889130671732753,No,1,(1/8192) * (2925 + 3511*zeta^1 + 1756*zeta^2)
K4_1_10_001_101,1 10 001 101,8192,4,0.002566381352737872,Yes,51,(1/8192) * (1793 + 2292*zeta^1 + 1794*zeta^2 + 2313*zeta^3)
K4_1_10_001_101,1 10 001 101,8192,5,0.15935052316044798,No,1,(1/8192) * (2643 + 1322*zeta^1 + 660*zeta^2 + 2378*zeta^3 + 1189*zeta^4)
K4_1_10_001_101,1 10 001 101,8192,6,0.2887104313231385,No,1,(1/8192) * (2600 + 1300*zeta^1 + 650*zeta^2 + 325*zeta^3 + 2211*zeta^4 + 1106*zeta^5)
K4_1_10_001_101,1 10 001 101,8192,7,0.3936712344188521,No,1,(1/8192) * (2580 + 1290*zeta^1 + 645*zeta^2 + 323*zeta^3 + 162*zeta^4 + 2128*zeta^5 + 1064*zeta^6)
K4_1_10_001_101,1 10 001 101,8192,8,0.4798172609966308,No,1,(1/8192) * (2570 + 1285*zeta^1 + 643*zeta^2 + 322*zeta^3 + 160*zeta^4 + 80*zeta^5 + 2088*zeta^6 + 1044*zeta^7)
K4_1_10_010_110,1 10 010 110,8192,2,0.3359375,No,32,(1/8192) * (2720 + 5472*zeta^1)
K4_1_10_010_110,1 10 010 110,8192,3,0.2500261948690365,No,1,(1/8192) * (1463 + 3804*zeta^1 + 2925*zeta^2)
K4_1_10_010_110,1 10 010 110,8192,4,0.003542143097789728,Yes,43,(1/8192) * (2149 + 1961*zeta^1 + 2120*zeta^2 + 1962*zeta^3)
K4_1_10_010_110,1 10 010 110,8192,5,0.21996802279048724,No,1,(1/8192) * (1322 + 2708*zeta^1 + 330*zeta^2 + 1189*zeta^3 + 2643*zeta^4)
K4_1_10_010_110,1 10 010 110,8192,6,0.38170816766761445,No,1,(1/8192) * (1300 + 2698*zeta^1 + 325*zeta^2 + 163*zeta^3 + 1106*zeta^4 + 2600*zeta^5)
K4_1_10_010_110,1 10 010 110,8192,7,0.4998734358131422,No,1,(1/8192) * (1290 + 2693*zeta^1 + 323*zeta^2 + 162*zeta^3 + 80*zeta^4 + 1064*zeta^5 + 2580*zeta^6)
K4_1_10_010_110,1 10 010 110,8192,8,0.5878128873929263,No,1,(1/8192) * (1285 + 2691*zeta^1 + 322*zeta^2 + 160*zeta^3 + 80*zeta^4 + 40*zeta^5 + 1044*zeta^6 + 2570*zeta^7)
K4_1_11_011_111,1 11 011 111,8192,2,0.3359375,No,32,(1/8192) * (2720 + 5472*zeta^1)
K4_1_11_011_111,1 11 011 111,8192,3,0.2501831278041319,No,1,(1/8192) * (4097 + 2047*zeta^1 + 2048*zeta^2)
K4_1_11_011_111,1 11 011 111,8192,4,0.0035421430977898155,Yes,43,(1/8192) * (2120 + 1961*zeta^1 + 2149*zeta^2 + 1962*zeta^3)
K4_1_11_011_111,1 11 011 111,8192,5,0.18720965137154721,No,1,(1/8192) * (1123 + 793*zeta^1 + 2246*zeta^2 + 1586*zeta^3 + 2444*zeta^4)
K4_1_11_011_111,1 11 011 111,8192,6,0.3004908212300866,No,1,(1/8192) * (1366 + 682*zeta^1 + 2731*zeta^3 + 1365*zeta^4 + 2048*zeta^5)
K4_1_11_011_111,1 11 011 111,8192,7,0.3763975550901607,No,1,(1/8192) * (1161 + 549*zeta^1 + 145*zeta^2 + 580*zeta^3 + 2322*zeta^4 + 1097*zeta^5 + 2338*zeta^6)
K4_1_11_011_111,1 11 011 111,8192,8,0.43133556059942635,No,1,(1/8192) * (1044 + 643*zeta^1 + 80*zeta^2 + 522*zeta^3 + 322*zeta^4 + 2088*zeta^5 + 1285*zeta^6 + 2208*zeta^7)
K4_001_010_100_111,001 010 100 111,8192,2,0.666748046875,No,1,(1/8192) * (1365 + 6827*zeta^1)
K4_001_010_100_111,001 010 100 111,8192,3,0.3688844266040543,No,1,(1/8192) * (732 + 3949*zeta^1 + 3511*zeta^2)
K4_001_010_100_111,001 010 100 111,8192,4,0.002934769355510562,Yes,51,(1/8192) * (2140 + 1973*zeta^1 + 2123*zeta^2 + 1956*zeta^3)
K4_001_010_100_111,001 010 100 111,8192,5,0.2623704162305714,No,1,(1/8192) * (660 + 3402*zeta^1 + 165*zeta^2 + 595*zeta^3 + 3370*zeta^4)
K4_001_010_100_111,001 010 100 111,8192,6,0.43885234880678275,No,1,(1/8192) * (650 + 3397*zeta^1 + 163*zeta^2 + 82*zeta^3 + 552*zeta^4 + 3348*zeta^5)
K4_001_010_100_111,001 010 100 111,8192,7,0.5603206711078443,No,1,(1/8192) * (645 + 3395*zeta^1 + 162*zeta^2 + 80*zeta^3 + 40*zeta^4 + 532*zeta^5 + 3338*zeta^6)
K4_001_010_100_111,001 010 100 111,8192,8,0.6465107496255837,No,1,(1/8192) * (643 + 3394*zeta^1 + 160*zeta^2 + 80*zeta^3 + 40*zeta^4 + 20*zeta^5 + 522*zeta^6 + 3333*zeta^7)
K4_001_011_100_110,001 011 100 110,8192,2,1.0,No,2,(1/8192) * (8192*zeta^1)
K4_001_011_100_110,001 011 100 110,8192,3,0.3126831233396717,No,2,(1/8192) * (1023 + 3584*zeta^1 + 3585*zeta^2)
K4_001_011_100_110,001 011 100 110,8192,4,0.002685546874999954,Yes,55,(1/8192) * (2059 + 2048*zeta^1 + 2037*zeta^2 + 2048*zeta^3)
K4_001_011_100_110,001 011 100 110,8192,5,0.202475088576788,No,1,(1/8192) * (2049 + 2048*zeta^1 + 1023*zeta^2 + 1024*zeta^3 + 2048*zeta^4)
K4_001_011_100_110,001 011 100 110,8192,6,0.3751831203626383,No,1,(1/8192) * (2049 + 2048*zeta^1 + 1023*zeta^2 + 1024*zeta^4 + 2048*zeta^5)
K4_001_011_100_110,001 011 100 110,8192,7,0.5062639149408155,No,1,(1/8192) * (2049 + 2048*zeta^1 + 1023*zeta^2 + 1024*zeta^5 + 2048*zeta^6)
K4_001_011_100_110,001 011 100 110,8192,8,0.6036754732478034,No,1,(1/8192) * (2049 + 2048*zeta^1 + 1023*zeta^2 + 1024*zeta^6 + 2048*zeta^7)
TM,1,16384,2,0.3359375,No,64,(1/16384) * (5440 + 10944*zeta^1)
TM,1,16384,3,0.3790723299039749,No,32,(1/16384) * (4672 + 2336*zeta^1 + 9376*zeta^2)
TM,1,16384,4,0.4489639222873314,No,64,(1/16384) * (4352 + 2176*zeta^1 + 1088*zeta^2 + 8768*zeta^3)
TM,1,16384,5,0.5157892178065822,No,16,(1/16384) * (4224 + 2112*zeta^1 + 1056*zeta^2 + 528*zeta^3 + 8464*zeta^4)
TM,1,16384,6,0.5784812036096656,No,64,(1/16384) * (4160 + 2112*zeta^1 + 1024*zeta^2 + 512*zeta^3 + 256*zeta^4 + 8320*zeta^5)
TM,1,16384,7,0.6337805603812409,No,64,(1/16384) * (4160 + 2048*zeta^1 + 1024*zeta^2 + 512*zeta^3 + 256*zeta^4 + 128*zeta^5 + 8256*zeta^6)
TM,1,16384,8,0.6795356458404788,No,32,(1/16384) * (4128 + 2048*zeta^1 + 1024*zeta^2 + 512*zeta^3 + 256*zeta^4 + 128*zeta^5 + 64*zeta^6 + 8224*zeta^7)
RS,11,16384,2,6.123233995736766e-17,Yes,1,(1/16384) * (8192 + 8192*zeta^1)
RS,11,16384,3,0.3406445889133622,No,1,(1/16384) * (7607 + 1756*zeta^1 + 7021*zeta^2)
RS,11,16384,4,0.4999755913021799,No,1,(1/16384) * (7373 + 1639*zeta^1 + 819*zeta^2 + 6553*zeta^3)
RS,11,16384,5,0.5950413466665254,No,1,(1/16384) * (7267 + 1585*zeta^1 + 793*zeta^2 + 397*zeta^3 + 6342*zeta^4)
RS,11,16384,6,0.6614493650419151,No,1,(1/16384) * (7217 + 1561*zeta^1 + 780*zeta^2 + 390*zeta^3 + 195*zeta^4 + 6241*zeta^5)
RS,11,16384,7,0.7119787271019609,No,1,(1/16384) * (7192 + 1548*zeta^1 + 774*zeta^2 + 387*zeta^3 + 193*zeta^4 + 97*zeta^5 + 6193*zeta^6)
RS,11,16384,8,0.752138322073187,No,1,(1/16384) * (7180 + 1542*zeta^1 + 771*zeta^2 + 385*zeta^3 + 193*zeta^4 + 97*zeta^5 + 48*zeta^6 + 6168*zeta^7)
RS*TM,11 1,16384,2,0.0023193359375,Yes,53,(1/16384) * (8173 + 8211*zeta^1)
RS*TM,11 1,16384,3,0.24998692388908306,No,1,(1/16384) * (2926 + 5851*zeta^1 + 7607*zeta^2)
RS*TM,11 1,16384,4,0.3726688986656968,No,1,(1/16384) * (2731 + 1365*zeta^1 + 5462*zeta^2 + 6826*zeta^3)
RS*TM,11 1,16384,5,0.44242836675078817,No,1,(1/16384) * (2378 + 1322*zeta^1 + 1189*zeta^2 + 4756*zeta^3 + 6739*zeta^4)
RS*TM,11 1,16384,6,0.49093031783286495,No,1,(1/16384) * (2341 + 1170*zeta^1 + 1171*zeta^2 + 585*zeta^3 + 4681*zeta^4 + 6436*zeta^5)
RS*TM,11 1,16384,7,0.5295142774188436,No,1,(1/16384) * (2193 + 1161*zeta^1 + 1096*zeta^2 + 581*zeta^3 + 548*zeta^4 + 4387*zeta^5 + 6418*zeta^6)
RS*TM,11 1,16384,8,0.5624786310619155,No,1,(1/16384) * (2185 + 1092*zeta^1 + 1093*zeta^2 + 546*zeta^3 + 546*zeta^4 + 273*zeta^5 + 4369*zeta^6 + 6280*zeta^7)
"A_{1,101,111}",1 101 111,16384,2,0.0013427734375,Yes,53,(1/16384) * (8203 + 8181*zeta^1)
"A_{1,101,111}",1 101 111,16384,3,0.2465826657730852,No,2,(1/16384) * (2780 + 6582*zeta^1 + 7022*zeta^2)
"A_{1,101,111}",1 101 111,16384,4,0.35834980980378517,No,2,(1/16384) * (2390 + 1707*zeta^1 + 5802*zeta^2 + 6485*zeta^3)
"A_{1,101,111}",1 101 111,16384,5,0.4244310652597514,No,2,(1/16384) * (2180 + 1553*zeta^1 + 1090*zeta^2 + 5384*zeta^3 + 6177*zeta^4)
"A_{1,101,111}",1 101 111,16384,6,0.4719096979432464,No,2,(1/16384) * (2048 + 1462*zeta^1 + 1024*zeta^2 + 732*zeta^3 + 5120*zeta^4 + 5998*zeta^5)
"A_{1,101,111}",1 101 111,16384,7,0.5103540683692073,No,2,(1/16384) * (1968 + 1403*zeta^1 + 984*zeta^2 + 702*zeta^3 + 491*zeta^4 + 4958*zeta^5 + 5878*zeta^6)
"A_{1,101,111}",1 101 111,16384,8,0.5441755473697193,No,2,(1/16384) * (1912 + 1365*zeta^1 + 955*zeta^2 + 682*zeta^3 + 478*zeta^4 + 342*zeta^5 + 4847*zeta^6 + 5803*zeta^7)
"{101,111}",101 111,16384,2,6.123233995736766e-17,Yes,1,(1/16384) * (8192 + 8192*zeta^1)
"{101,111}",101 111,16384,3,0.29603124854668594,No,1,(1/16384) * (7753 + 2340*zeta^1 + 6291*zeta^2)
"{101,111}",101 111,16384,4,0.4809734515954897,No,1,(1/16384) * (7578 + 2252*zeta^1 + 614*zeta^2 + 5940*zeta^3)
"{101,111}",101 111,16384,5,0.5975368644747204,No,1,(1/16384) * (7498 + 2214*zeta^1 + 595*zeta^2 + 297*zeta^3 + 5780*zeta^4)
"{101,111}",101 111,16384,6,0.6761424334246692,No,1,(1/16384) * (7461 + 2194*zeta^1 + 585*zeta^2 + 292*zeta^3 + 146*zeta^4 + 5706*zeta^5)
"{101,111}",101 111,16384,7,0.7322598775631234,No,1,(1/16384) * (7442 + 2185*zeta^1 + 580*zeta^2 + 290*zeta^3 + 146*zeta^4 + 73*zeta^5 + 5668*zeta^6)
"{101,111}",101 111,16384,8,0.7745945634535069,No,1,(1/16384) * (7433 + 2180*zeta^1 + 578*zeta^2 + 290*zeta^3 + 145*zeta^4 + 72*zeta^5 + 36*zeta^6 + 5650*zeta^7)
{01},01,16384,2,0.0023193359375,Yes,53,(1/16384) * (8173 + 8211*zeta^1)
{01},01,16384,3,0.25009155832026475,No,1,(1/16384) * (8193 + 4095*zeta^1 + 4096*zeta^2)
{01},01,16384,4,0.5000610388810856,No,1,(1/16384) * (8193 + 4095*zeta^1 + 4096*zeta^3)
{01},01,16384,5,0.6545506740171345,No,1,(1/16384) * (8193 + 4095*zeta^1 + 4096*zeta^4)
{01},01,16384,6,0.7500305194406942,No,1,(1/16384) * (8193 + 4095*zeta^1 + 4096*zeta^5)
{01},01,16384,7,0.8117678826907102,No,1,(1/16384) * (8193 + 4095*zeta^1 + 4096*zeta^6)
{01},01,16384,8,0.8535712684677379,No,1,(1/16384) * (8193 + 4095*zeta^1 + 4096*zeta^7)
{10},10,16384,2,0.0023193359375,Yes,53,(1/16384) * (8211 + 8173*zeta^1)
{10},10,16384,3,0.2500228871359518,No,64,(1/16384) * (8192 + 4064*zeta^1 + 4128*zeta^2)
{10},10,16384,4,0.5000152585562389,No,64,(1/16384) * (8192 + 4064*zeta^1 + 4128*zeta^3)
{10},10,16384,5,0.6545190406664798,No,64,(1/16384) * (8192 + 4064*zeta^1 + 4128*zeta^4)
{10},10,16384,6,0.7500076293557265,No,64,(1/16384) * (8192 + 4064*zeta^1 + 4128*zeta^5)
{10},10,16384,7,0.8117506459987299,No,64,(1/16384) * (8192 + 4064*zeta^1 + 4128*zeta^6)
{10},10,16384,8,0.853557859777417,No,64,(1/16384) * (8192 + 4064*zeta^1 + 4128*zeta^7)
"{01,10,11}",01 10 11,16384,2,6.123233995736766e-17,Yes,1,(1/16384) * (8192 + 8192*zeta^1)
"{01,10,11}",01 10 11,16384,3,0.34073096145212367,No,1,(1/16384) * (7607 + 1755*zeta^1 + 7022*zeta^2)
"{01,10,11}",01 10 11,16384,4,0.5000488287209882,No,1,(1/16384) * (7373 + 1638*zeta^1 + 819*zeta^2 + 6554*zeta^3)
"{01,10,11}",01 10 11,16384,5,0.5950612868492495,No,1,(1/16384) * (7267 + 1586*zeta^1 + 793*zeta^2 + 396*zeta^3 + 6342*zeta^4)
"{01,10,11}",01 10 11,16384,6,0.661483967214278,No,1,(1/16384) * (7217 + 1560*zeta^1 + 780*zeta^2 + 390*zeta^3 + 195*zeta^4 + 6242*zeta^5)
"{01,10,11}",01 10 11,16384,7,0.7118833202745674,No,1,(1/16384) * (7192 + 1548*zeta^1 + 774*zeta^2 + 387*zeta^3 + 194*zeta^4 + 97*zeta^5 + 6192*zeta^6)
"{01,10,11}",01 10 11,16384,8,0.7521219052825737,No,1,(1/16384) * (7180 + 1542*zeta^1 + 771*zeta^2 + 386*zeta^3 + 193*zeta^4 + 96*zeta^5 + 48*zeta^6 + 6168*zeta^7)
A_3,101 111,16384,2,6.123233995736766e-17,Yes,1,(1/16384) * (8192 + 8192*zeta^1)
A_3,101 111,16384,3,0.29603124854668594,No,1,(1/16384) * (7753 + 2340*zeta^1 + 6291*zeta^2)
A_3,101 111,16384,4,0.4809734515954897,No,1,(1/16384) * (7578 + 2252*zeta^1 + 614*zeta^2 + 5940*zeta^3)
A_3,101 111,16384,5,0.5975368644747204,No,1,(1/16384) * (7498 + 2214*zeta^1 + 595*zeta^2 + 297*zeta^3 + 5780*zeta^4)
A_3,101 111,16384,6,0.6761424334246692,No,1,(1/16384) * (7461 + 2194*zeta^1 + 585*zeta^2 + 292*zeta^3 + 146*zeta^4 + 5706*zeta^5)
A_3,101 111,16384,7,0.7322598775631234,No,1,(1/16384) * (7442 + 2185*zeta^1 + 580*zeta^2 + 290*zeta^3 + 146*zeta^4 + 73*zeta^5 + 5668*zeta^6)
A_3,101 111,16384,8,0.7745945634535069,No,1,(1/16384) * (7433 + 2180*zeta^1 + 578*zeta^2 + 290*zeta^3 + 145*zeta^4 + 72*zeta^5 + 36*zeta^6 + 5650*zeta^7)
A_4,1001 1011 1101 1111,16384,2,6.123233995736766e-17,Yes,1,(1/16384) * (8192 + 8192*zeta^1)
A_4,1001 1011 1101 1111,16384,3,0.28868190737623856,No,2,(1/16384) * (7571 + 2377*zeta^1 + 6436*zeta^2)
A_4,1001 1011 1101 1111,16384,4,0.4650111818507333,No,2,(1/16384) * (7372 + 2152*zeta^1 + 820*zeta^2 + 6040*zeta^3)
A_4,1001 1011 1101 1111,16384,5,0.5835079824458344,No,1,(1/16384) * (7417 + 2428*zeta^1 + 701*zeta^2 + 222*zeta^3 + 5616*zeta^4)
A_4,1001 1011 1101 1111,16384,6,0.6699980561785113,No,1,(1/16384) * (7387 + 2413*zeta^1 + 694*zeta^2 + 220*zeta^3 + 111*zeta^4 + 5559*zeta^5)
A_4,1001 1011 1101 1111,16384,7,0.7319327297102531,No,1,(1/16384) * (7373 + 2406*zeta^1 + 692*zeta^2 + 219*zeta^3 + 109*zeta^4 + 54*zeta^5 + 5531*zeta^6)
A_4,1001 1011 1101 1111,16384,8,0.7780107292831732,No,1,(1/16384) * (7366 + 2404*zeta^1 + 691*zeta^2 + 217*zeta^3 + 108*zeta^4 + 54*zeta^5 + 27*zeta^6 + 5517*zeta^7)
A_5,10001 10011 10101 10111 11001 11011 11101 11111,16384,2,6.123233995736766e-17,Yes,1,(1/16384) * (8192 + 8192*zeta^1)
A_5,10001 10011 10101 10111 11001 11011 11101 11111,16384,3,0.29078398196429783,No,4,(1/16384) * (7588 + 2355*zeta^1 + 6441*zeta^2)
A_5,10001 10011 10101 10111 11001 11011 11101 11111,16384,4,0.47145722950283436,No,4,(1/16384) * (7400 + 2096*zeta^1 + 792*zeta^2 + 6096*zeta^3)
A_5,10001 10011 10101 10111 11001 11011 11101 11111,16384,5,0.5831713542692124,No,4,(1/16384) * (7293 + 2048*zeta^1 + 629*zeta^2 + 492*zeta^3 + 5922*zeta^4)
A_5,10001 10011 10101 10111 11001 11011 11101 11111,16384,6,0.6660876221210497,No,2,(1/16384) * (7349 + 2333*zeta^1 + 689*zeta^2 + 248*zeta^3 + 154*zeta^4 + 5611*zeta^5)
A_5,10001 10011 10101 10111 11001 11011 11101 11111,16384,7,0.7276034914026701,No,2,(1/16384) * (7337 + 2327*zeta^1 + 683*zeta^2 + 244*zeta^3 + 121*zeta^4 + 91*zeta^5 + 5581*zeta^6)
A_5,10001 10011 10101 10111 11001 11011 11101 11111,16384,8,0.7762009821050325,No,1,(1/16384) * (7319 + 2444*zeta^1 + 773*zeta^2 + 226*zeta^3 + 81*zeta^4 + 40*zeta^5 + 19*zeta^6 + 5482*zeta^7)
K4_01_001_101,01 001 101,16384,2,1.0,No,1,(1/16384) * (16384)
K4_01_001_101,01 001 101,16384,3,0.25009155832026475,No,1,(1/16384) * (8193 + 4096*zeta^1 + 4095*zeta^2)
K4_01_001_101,01 001 101,16384,4,0.0023193359375,Yes,53,(1/16384) * (8173 + 8211*zeta^2)
K4_01_001_101,01 001 101,16384,5,0.1427093273975995,No,3,(1/16384) * (7166 + 3073*zeta^2 + 5122*zeta^3 + 1023*zeta^4)
K4_01_001_101,01 001 101,16384,6,0.25009155832026464,No,1,(1/16384) * (8193 + 4095*zeta^2 + 4096*zeta^4)
K4_01_001_101,01 001 101,16384,7,0.388814154331437,No,1,(1/16384) * (8193 + 4095*zeta^2 + 4096*zeta^5)
K4_01_001_101,01 001 101,16384,8,0.5000610388810853,No,1,(1/16384) * (8193 + 4095*zeta^2 + 4096*zeta^6)
K4_10_010_110,10 010 110,16384,2,1.0,No,1,(1/16384) * (16384)
K4_10_010_110,10 010 110,16384,3,0.2500228871359518,No,64,(1/16384) * (8192 + 4128*zeta^1 + 4064*zeta^2)
K4_10_010_110,10 010 110,16384,4,0.0023193359375,Yes,53,(1/16384) * (8211 + 8173*zeta^2)
K4_10_010_110,10 010 110,16384,5,0.14296229848645267,No,3,(1/16384) * (7170 + 1025*zeta^1 + 5118*zeta^2 + 3071*zeta^3)
K4_10_010_110,10 010 110,16384,6,0.25002288713595167,No,64,(1/16384) * (8192 + 4064*zeta^2 + 4128*zeta^4)
K4_10_010_110,10 010 110,16384,7,0.38875818676334684,No,64,(1/16384) * (8192 + 4064*zeta^2 + 4128*zeta^5)
K4_10_010_110,10 010 110,16384,8,0.5000152585562387,No,64,(1/16384) * (8192 + 4064*zeta^2 + 4128*zeta^6)
K4_11_011_111,11 011 111,16384,2,1.0,No,1,(1/16384) * (16384)
K4_11_011_111,11 011 111,16384,3,0.34064458891336236,No,1,(1/16384) * (7607 + 7021*zeta^1 + 1756*zeta^2)
K4_11_011_111,11 011 111,16384,4,6.123233995736766e-17,Yes,1,(1/16384) * (8192 + 8192*zeta^2)
K4_11_011_111,11 011 111,16384,5,0.20750643992942597,No,1,(1/16384) * (7267 + 397*zeta^1 + 1585*zeta^2 + 6342*zeta^3 + 793*zeta^4)
K4_11_011_111,11 011 111,16384,6,0.34064458891336213,No,1,(1/16384) * (7607 + 1756*zeta^2 + 7021*zeta^4)
K4_11_011_111,11 011 111,16384,7,0.4324711464809125,No,1,(1/16384) * (7192 + 193*zeta^1 + 1548*zeta^2 + 97*zeta^3 + 774*zeta^4 + 6193*zeta^5 + 387*zeta^6)
K4_11_011_111,11 011 111,16384,8,0.4999755913021797,No,1,(1/16384) * (7373 + 1639*zeta^2 + 819*zeta^4 + 6553*zeta^6)
K4_01_10,01 10,16384,2,1.0,No,1,(1/16384) * (16384*zeta^1)
K4_01_10,01 10,16384,3,0.5000000111758708,No,1,(1/16384) * (8191*zeta^1 + 8193*zeta^2)
K4_01_10,01 10,16384,4,0.0020751953125,Yes,45,(1/16384) * (8175*zeta^1 + 8209*zeta^3)
K4_01_10,01 10,16384,5,0.3090170161831759,No,1,(1/16384) * (8191*zeta^1 + 8193*zeta^4)
K4_01_10,01 10,16384,6,0.5000000111758706,No,1,(1/16384) * (8191*zeta^1 + 8193*zeta^5)
K4_01_10,01 10,16384,7,0.6234898091631759,No,1,(1/16384) * (8191*zeta^1 + 8193*zeta^6)
K4_01_10,01 10,16384,8,0.7071067864549033,No,1,(1/16384) * (8191*zeta^1 + 8193*zeta^7)
K4_01_010_110,01 010 110,16384,2,1.0,No,1,(1/16384) * (16384*zeta^1)
K4_01_010_110,01 010 110,16384,3,0.5000000111758708,No,1,(1/16384) * (8191*zeta^1 + 8193*zeta^2)
K4_01_010_110,01 010 110,16384,4,0.0020751953125,Yes,45,(1/16384) * (8175*zeta^1 + 8209*zeta^3)
K4_01_010_110,01 010 110,16384,5,0.3090170161831759,No,1,(1/16384) * (8191*zeta^1 + 8193*zeta^4)
K4_01_010_110,01 010 110,16384,6,0.5000000111758706,No,1,(1/16384) * (8191*zeta^1 + 8193*zeta^5)
K4_01_010_110,01 010 110,16384,7,0.6234898091631759,No,1,(1/16384) * (8191*zeta^1 + 8193*zeta^6)
K4_01_010_110,01 010 110,16384,8,0.7071067864549033,No,1,(1/16384) * (8191*zeta^1 + 8193*zeta^7)
K4_10_001_101,10 001 101,16384,2,1.0,No,1,(1/16384) * (16384*zeta^1)
K4_10_001_101,10 001 101,16384,3,0.5000000111758708,No,1,(1/16384) * (8191*zeta^1 + 8193*zeta^2)
K4_10_001_101,10 001 101,16384,4,0.0020751953125,Yes,45,(1/16384) * (8175*zeta^1 + 8209*zeta^3)
K4_10_001_101,10 001 101,16384,5,0.3090170161831759,No,1,(1/16384) * (8191*zeta^1 + 8193*zeta^4)
K4_10_001_101,10 001 101,16384,6,0.5000000111758706,No,1,(1/16384) * (8191*zeta^1 + 8193*zeta^5)
K4_10_001_101,10 001 101,16384,7,0.6234898091631759,No,1,(1/16384) * (8191*zeta^1 + 8193*zeta^6)
K4_10_001_101,10 001 101,16384,8,0.7071067864549033,No,1,(1/16384) * (8191*zeta^1 + 8193*zeta^7)
K4_001_010_101_110,001 010 101 110,16384,2,1.0,No,1,(1/16384) * (16384*zeta^1)
K4_001_010_101_110,001 010 101 110,16384,3,0.5000000111758708,No,1,(1/16384) * (8191*zeta^1 + 8193*zeta^2)
K4_001_010_101_110,001 010 101 110,16384,4,0.0020751953125,Yes,45,(1/16384) * (8175*zeta^1 + 8209*zeta^3)
K4_001_010_101_110,001 010 101 110,16384,5,0.3090170161831759,No,1,(1/16384) * (8191*zeta^1 + 8193*zeta^4)
K4_001_010_101_110,001 010 101 110,16384,6,0.5000000111758706,No,1,(1/16384) * (8191*zeta^1 + 8193*zeta^5)
K4_001_010_101_110,001 010 101 110,16384,7,0.6234898091631759,No,1,(1/16384) * (8191*zeta^1 + 8193*zeta^6)
K4_001_010_101_110,001 010 101 110,16384,8,0.7071067864549033,No,1,(1/16384) * (8191*zeta^1 + 8193*zeta^7)
K4_1_01_10,1 01 10,16384,2,0.3359375,No,64,(1/16384) * (5440 + 10944*zeta^1)
K4_1_01_10,1 01 10,16384,3,0.18894764232953828,No,1,(1/16384) * (5852 + 7021*zeta^1 + 3511*zeta^2)
K4_1_01_10,1 01 10,16384,4,0.0012831906763689116,Yes,51,(1/16384) * (3593 + 4609*zeta^1 + 3572*zeta^2 + 4610*zeta^3)
K4_1_01_10,1 01 10,16384,5,0.15920974933472082,No,1,(1/16384) * (5285 + 2643*zeta^1 + 1322*zeta^2 + 4756*zeta^3 + 2378*zeta^4)
K4_1_01_10,1 01 10,16384,6,0.288763232867146,No,1,(1/16384) * (5202 + 2600*zeta^1 + 1300*zeta^2 + 650*zeta^3 + 4421*zeta^4 + 2211*zeta^5)
K4_1_01_10,1 01 10,16384,7,0.39379237778757076,No,1,(1/16384) * (5160 + 2580*zeta^1 + 1290*zeta^2 + 645*zeta^3 + 323*zeta^4 + 4258*zeta^5 + 2128*zeta^6)
K4_1_01_10,1 01 10,16384,8,0.47977078856241534,No,1,(1/16384) * (5140 + 2570*zeta^1 + 1285*zeta^2 + 643*zeta^3 + 322*zeta^4 + 160*zeta^5 + 4176*zeta^6 + 2088*zeta^7)
K4_1_01_001_101,1 01 001 101,16384,2,0.3359375,No,64,(1/16384) * (5440 + 10944*zeta^1)
K4_1_01_001_101,1 01 001 101,16384,3,0.3406445889133622,No,1,(1/16384) * (7607 + 1756*zeta^1 + 7021*zeta^2)
K4_1_01_001_101,1 01 001 101,16384,4,0.00177107154889486,Yes,43,(1/16384) * (4265 + 3912*zeta^1 + 4266*zeta^2 + 3941*zeta^3)
K4_1_01_001_101,1 01 001 101,16384,5,0.14134368033992528,No,1,(1/16384) * (2378 + 1189*zeta^1 + 6739*zeta^2 + 1322*zeta^3 + 4756*zeta^4)
K4_1_01_001_101,1 01 001 101,16384,6,0.14715990070991858,No,64,(1/16384) * (2400 + 3264*zeta^1 + 1600*zeta^2 + 2848*zeta^3 + 1440*zeta^4 + 4832*zeta^5)
K4_1_01_001_101,1 01 001 101,16384,7,0.24715681016309685,No,32,(1/16384) * (2352 + 3232*zeta^1 + 1600*zeta^2 + 800*zeta^3 + 2448*zeta^4 + 1232*zeta^5 + 4720*zeta^6)
K4_1_01_001_101,1 01 001 101,16384,8,0.3400996539434486,No,16,(1/16384) * (2328 + 3216*zeta^1 + 1600*zeta^2 + 800*zeta^3 + 400*zeta^4 + 2248*zeta^5 + 1128*zeta^6 + 4664*zeta^7)
K4_1_01_010_110,1 01 010 110,16384,2,0.3359375,No,64,(1/16384) * (5440 + 10944*zeta^1)
K4_1_01_010_110,1 01 010 110,16384,3,0.18894764232953828,No,1,(1/16384) * (5852 + 7021*zeta^1 + 3511*zeta^2)
K4_1_01_010_110,1 01 010 110,16384,4,0.0012831906763689116,Yes,51,(1/16384) * (3593 + 4609*zeta^1 + 3572*zeta^2 + 4610*zeta^3)
K4_1_01_010_110,1 01 010 110,16384,5,0.15920974933472082,No,1,(1/16384) * (5285 + 2643*zeta^1 + 1322*zeta^2 + 4756*zeta^3 + 2378*zeta^4)
K4_1_01_010_110,1 01 010 110,16384,6,0.288763232867146,No,1,(1/16384) * (5202 + 2600*zeta^1 + 1300*zeta^2 + 650*zeta^3 + 4421*zeta^4 + 2211*zeta^5)
K4_1_01_010_110,1 01 010 110,16384,7,0.39379237778757076,No,1,(1/16384) * (5160 + 2580*zeta^1 + 1290*zeta^2 + 645*zeta^3 + 323*zeta^4 + 4258*zeta^5 + 2128*zeta^6)
K4_1_01_010_110,1 01 010 110,16384,8,0.47977078856241534,No,1,(1/16384) * (5140 + 2570*zeta^1 + 1285*zeta^2 + 643*zeta^3 + 322*zeta^4 + 160*zeta^5 + 4176*zeta^6 + 2088*zeta^7)
K4_1_10_001_101,1 10 001 101,16384,2,0.3359375,No,64,(1/16384) * (5440 + 10944*zeta^1)
K4_1_10_001_101,1 10 001 101,16384,3,0.18894764232953828,No,1,(1/16384) * (5852 + 7021*zeta^1 + 3511*zeta^2)
K4_1_10_001_101,1 10 001 101,16384,4,0.0012831906763689116,Yes,51,(1/16384) * (3593 + 4609*zeta^1 + 3572*zeta^2 + 4610*zeta^3)
K4_1_10_001_101,1 10 001 101,16384,5,0.15920974933472082,No,1,(1/16384) * (5285 + 2643*zeta^1 + 1322*zeta^2 + 4756*zeta^3 + 2378*zeta^4)
K4_1_10_001_101,1 10 001 101,16384,6,0.288763232867146,No,1,(1/16384) * (5202 + 2600*zeta^1 + 1300*zeta^2 + 650*zeta^3 + 4421*zeta^4 + 2211*zeta^5)
K4_1_10_001_101,1 10 001 101,16384,7,0.39379237778757076,No,1,(1/16384) * (5160 + 2580*zeta^1 + 1290*zeta^2 + 645*zeta^3 + 323*zeta^4 + 4258*zeta^5 + 2128*zeta^6)
K4_1_10_001_101,1 10 001 101,16384,8,0.47977078856241534,No,1,(1/16384) * (5140 + 2570*zeta^1 + 1285*zeta^2 + 643*zeta^3 + 322*zeta^4 + 160*zeta^5 + 4176*zeta^6 + 2088*zeta^7)
K4_1_10_010_110,1 10 010 110,16384,2,0.3359375,No,64,(1/16384) * (5440 + 10944*zeta^1)
K4_1_10_010_110,1 10 010 110,16384,3,0.2500523199527773,No,1,(1/16384) * (2925 + 7607*zeta^1 + 5852*zeta^2)
K4_1_10_010_110,1 10 010 110,16384,4,0.0017710715488949125,Yes,43,(1/16384) * (4266 + 3941*zeta^1 + 4265*zeta^2 + 3912*zeta^3)
K4_1_10_010_110,1 10 010 110,16384,5,0.21988438022785708,No,1,(1/16384) * (2643 + 5418*zeta^1 + 660*zeta^2 + 2378*zeta^3 + 5285*zeta^4)
K4_1_10_010_110,1 10 010 110,16384,6,0.38186800009903366,No,1,(1/16384) * (2600 + 5396*zeta^1 + 650*zeta^2 + 325*zeta^3 + 2211*zeta^4 + 5202*zeta^5)
K4_1_10_010_110,1 10 010 110,16384,7,0.49985280022670964,No,1,(1/16384) * (2580 + 5386*zeta^1 + 645*zeta^2 + 323*zeta^3 + 162*zeta^4 + 2128*zeta^5 + 5160*zeta^6)
K4_1_10_010_110,1 10 010 110,16384,8,0.587686313149776,No,1,(1/16384) * (2570 + 5381*zeta^1 + 643*zeta^2 + 322*zeta^3 + 160*zeta^4 + 80*zeta^5 + 2088*zeta^6 + 5140*zeta^7)
K4_1_11_011_111,1 11 011 111,16384,2,0.3359375,No,64,(1/16384) * (5440 + 10944*zeta^1)
K4_1_11_011_111,1 11 011 111,16384,3,0.25009155832026475,No,1,(1/16384) * (8193 + 4095*zeta^1 + 4096*zeta^2)
K4_1_11_011_111,1 11 011 111,16384,4,0.0017710715488949156,Yes,43,(1/16384) * (4265 + 3941*zeta^1 + 4266*zeta^2 + 3912*zeta^3)
K4_1_11_011_111,1 11 011 111,16384,5,0.18718328953992577,No,1,(1/16384) * (2246 + 1586*zeta^1 + 4492*zeta^2 + 3171*zeta^3 + 4889*zeta^4)
K4_1_11_011_111,1 11 011 111,16384,6,0.30044849989085354,No,1,(1/16384) * (2731 + 1365*zeta^1 + 5462*zeta^3 + 2730*zeta^4 + 4096*zeta^5)
K4_1_11_011_111,1 11 011 111,16384,7,0.3763827425824161,No,1,(1/16384) * (2322 + 1097*zeta^1 + 290*zeta^2 + 1161*zeta^3 + 4645*zeta^4 + 2193*zeta^5 + 4676*zeta^6)
K4_1_11_011_111,1 11 011 111,16384,8,0.43148715862432424,No,1,(1/16384) * (2088 + 1285*zeta^1 + 160*zeta^2 + 1044*zeta^3 + 643*zeta^4 + 4176*zeta^5 + 2570*zeta^6 + 4418*zeta^7)
K4_001_010_100_111,001 010 100 111,16384,2,0.6666259765625,No,1,(1/16384) * (2731 + 13653*zeta^1)
K4_001_010_100_111,001 010 100 111,16384,3,0.3689951887692573,No,1,(1/16384) * (1463 + 7900*zeta^1 + 7021*zeta^2)
K4_001_010_100_111,001 010 100 111,16384,4,0.0014673846777553373,Yes,51,(1/16384) * (4260 + 3932*zeta^1 + 4277*zeta^2 + 3915*zeta^3)
K4_001_010_100_111,001 010 100 111,16384,5,0.2625124935661401,No,1,(1/16384) * (1322 + 6804*zeta^1 + 330*zeta^2 + 1189*zeta^3 + 6739*zeta^4)
K4_001_010_100_111,001 010 100 111,16384,6,0.4388957791422176,No,1,(1/16384) * (1300 + 6794*zeta^1 + 325*zeta^2 + 163*zeta^3 + 1106*zeta^4 + 6696*zeta^5)
K4_001_010_100_111,001 010 100 111,16384,7,0.5601900372075497,No,1,(1/16384) * (1290 + 6789*zeta^1 + 323*zeta^2 + 162*zeta^3 + 80*zeta^4 + 1064*zeta^5 + 6676*zeta^6)
K4_001_010_100_111,001 010 100 111,16384,8,0.6464025834195662,No,1,(1/16384) * (1285 + 6787*zeta^1 + 322*zeta^2 + 160*zeta^3 + 80*zeta^4 + 40*zeta^5 + 1044*zeta^6 + 6666*zeta^7)
K4_001_011_100_110,001 011 100 110,16384,2,1.0,No,2,(1/16384) * (16384*zeta^1)
K4_001_011_100_110,001 011 100 110,16384,3,0.312591557203414,No,2,(1/16384) * (2047 + 7168*zeta^1 + 7169*zeta^2)
K4_001_011_100_110,001 011 100 110,16384,4,0.001342773437499954,Yes,55,(1/16384) * (4107 + 4096*zeta^1 + 4085*zeta^2 + 4096*zeta^3)
K4_001_011_100_110,001 011 100 110,16384,5,0.20236466540868914,No,1,(1/16384) * (4097 + 4096*zeta^1 + 2047*zeta^2 + 2048*zeta^3 + 4096*zeta^4)
K4_001_011_100_110,001 011 100 110,16384,6,0.3750915564587558,No,1,(1/16384) * (4097 + 4096*zeta^1 + 2047*zeta^2 + 2048*zeta^4 + 4096*zeta^5)
K4_001_011_100_110,001 011 100 110,16384,7,0.5061892876940469,No,1,(1/16384) * (4097 + 4096*zeta^1 + 2047*zeta^2 + 2048*zeta^5 + 4096*zeta^6)
K4_001_011_100_110,001 011 100 110,16384,8,0.603614428835343,No,1,(1/16384) * (4097 + 4096*zeta^1 + 2047*zeta^2 + 2048*zeta^6 + 4096*zeta^7)
TM,1,32768,2,0.333984375,No,32,(1/32768) * (10912 + 21856*zeta^1)
TM,1,32768,3,0.3790723299039749,No,64,(1/32768) * (9344 + 4672*zeta^1 + 18752*zeta^2)
TM,1,32768,4,0.44808791088234706,No,64,(1/32768) * (8768 + 4352*zeta^1 + 2176*zeta^2 + 17472*zeta^3)
TM,1,32768,5,0.5157892178065822,No,32,(1/32768) * (8448 + 4224*zeta^1 + 2112*zeta^2 + 1056*zeta^3 + 16928*zeta^4)
TM,1,32768,6,0.5774207594206164,No,8,(1/32768) * (8320 + 4160*zeta^1 + 2080*zeta^2 + 1040*zeta^3 + 520*zeta^4 + 16648*zeta^5)
TM,1,32768,7,0.632530211798344,No,64,(1/32768) * (8256 + 4160*zeta^1 + 2048*zeta^2 + 1024*zeta^3 + 512*zeta^4 + 256*zeta^5 + 16512*zeta^6)
TM,1,32768,8,0.6795356458404788,No,64,(1/32768) * (8256 + 4096*zeta^1 + 2048*zeta^2 + 1024*zeta^3 + 512*zeta^4 + 256*zeta^5 + 128*zeta^6 + 16448*zeta^7)
RS,11,32768,2,6.123233995736766e-17,Yes,1,(1/32768) * (16384 + 16384*zeta^1)
RS,11,32768,3,0.340682976222494,No,1,(1/32768) * (15213 + 3511*zeta^1 + 14044*zeta^2)
RS,11,32768,4,0.4999633790552725,No,1,(1/32768) * (14745 + 3277*zeta^1 + 1639*zeta^2 + 13107*zeta^3)
RS,11,32768,5,0.5951026201164287,No,1,(1/32768) * (14534 + 3171*zeta^1 + 1585*zeta^2 + 793*zeta^3 + 12685*zeta^4)
RS,11,32768,6,0.6614147589472111,No,1,(1/32768) * (14433 + 3121*zeta^1 + 1561*zeta^2 + 780*zeta^3 + 390*zeta^4 + 12483*zeta^5)
RS,11,32768,7,0.711959807517866,No,1,(1/32768) * (14385 + 3096*zeta^1 + 1548*zeta^2 + 774*zeta^3 + 387*zeta^4 + 193*zeta^5 + 12385*zeta^6)
RS,11,32768,8,0.7521658776199888,No,1,(1/32768) * (14360 + 3084*zeta^1 + 1542*zeta^2 + 771*zeta^3 + 385*zeta^4 + 193*zeta^5 + 97*zeta^6 + 12336*zeta^7)
RS*TM,11 1,32768,2,0.00115966796875,Yes,53,(1/32768) * (16365 + 16403*zeta^1)
RS*TM,11 1,32768,3,0.25001961847158805,No,1,(1/32768) * (5851 + 11703*zeta^1 + 15214*zeta^2)
RS*TM,11 1,32768,4,0.3726825457918083,No,1,(1/32768) * (5462 + 2730*zeta^1 + 10923*zeta^2 + 13653*zeta^3)
RS*TM,11 1,32768,5,0.4424636874186486,No,1,(1/32768) * (4756 + 2643*zeta^1 + 2378*zeta^2 + 9514*zeta^3 + 13477*zeta^4)
RS*TM,11 1,32768,6,0.49100024310003276,No,1,(1/32768) * (4681 + 2340*zeta^1 + 2341*zeta^2 + 1170*zeta^3 + 9363*zeta^4 + 12873*zeta^5)
RS*TM,11 1,32768,7,0.5295066340530881,No,1,(1/32768) * (4387 + 2322*zeta^1 + 2193*zeta^2 + 1161*zeta^3 + 1096*zeta^4 + 8773*zeta^5 + 12836*zeta^6)
RS*TM,11 1,32768,8,0.5624899452158155,No,1,(1/32768) * (4369 + 2184*zeta^1 + 2185*zeta^2 + 1092*zeta^3 + 1093*zeta^4 + 546*zeta^5 + 8738*zeta^6 + 12561*zeta^7)
"A_{1,101,111}",1 101 111,32768,2,0.00067138671875,Yes,53,(1/32768) * (16395 + 16373*zeta^1)
"A_{1,101,111}",1 101 111,32768,3,0.24666883243891233,No,2,(1/32768) * (5558 + 13166*zeta^1 + 14044*zeta^2)
"A_{1,101,111}",1 101 111,32768,4,0.35847042618456826,No,2,(1/32768) * (4778 + 3413*zeta^1 + 11606*zeta^2 + 12971*zeta^3)
"A_{1,101,111}",1 101 111,32768,5,0.42448109213536017,No,2,(1/32768) * (4360 + 3105*zeta^1 + 2180*zeta^2 + 10769*zeta^3 + 12354*zeta^4)
"A_{1,101,111}",1 101 111,32768,6,0.47188197708655916,No,2,(1/32768) * (4096 + 2926*zeta^1 + 2048*zeta^2 + 1462*zeta^3 + 10240*zeta^4 + 11996*zeta^5)
"A_{1,101,111}",1 101 111,32768,7,0.510360169135423,No,2,(1/32768) * (3934 + 2806*zeta^1 + 1968*zeta^2 + 1403*zeta^3 + 984*zeta^4 + 9918*zeta^5 + 11755*zeta^6)
"A_{1,101,111}",1 101 111,32768,8,0.5440913197164893,No,2,(1/32768) * (3823 + 2731*zeta^1 + 1912*zeta^2 + 1365*zeta^3 + 955*zeta^4 + 682*zeta^5 + 9694*zeta^6 + 11606*zeta^7)
"{101,111}",101 111,32768,2,6.123233995736766e-17,Yes,1,(1/32768) * (16384 + 16384*zeta^1)
"{101,111}",101 111,32768,3,0.2960077703822716,No,1,(1/32768) * (15507 + 4681*zeta^1 + 12580*zeta^2)
"{101,111}",101 111,32768,4,0.4809163342602923,No,1,(1/32768) * (15156 + 4506*zeta^1 + 1228*zeta^2 + 11878*zeta^3)
"{101,111}",101 111,32768,5,0.5975391474649865,No,1,(1/32768) * (14996 + 4426*zeta^1 + 1190*zeta^2 + 595*zeta^3 + 11561*zeta^4)
"{101,111}",101 111,32768,6,0.6760789533827047,No,1,(1/32768) * (14922 + 4389*zeta^1 + 1170*zeta^2 + 585*zeta^3 + 292*zeta^4 + 11410*zeta^5)
"{101,111}",101 111,32768,7,0.7323201552655737,No,1,(1/32768) * (14884 + 4370*zeta^1 + 1161*zeta^2 + 580*zeta^3 + 290*zeta^4 + 146*zeta^5 + 11337*zeta^6)
"{101,111}",101 111,32768,8,0.774643283646754,No,1,(1/32768) * (14866 + 4361*zeta^1 + 1156*zeta^2 + 578*zeta^3 + 290*zeta^4 + 145*zeta^5 + 72*zeta^6 + 11300*zeta^7)
{01},01,32768,2,0.00115966796875,Yes,53,(1/32768) * (16365 + 16403*zeta^1)
{01},01,32768,3,0.2500457777639156,No,1,(1/32768) * (16385 + 8191*zeta^1 + 8192*zeta^2)
{01},01,32768,4,0.5000305185093907,No,1,(1/32768) * (16385 + 8191*zeta^1 + 8192*zeta^3)
{01},01,32768,5,0.6545295849588383,No,1,(1/32768) * (16385 + 8191*zeta^1 + 8192*zeta^4)
{01},01,32768,6,0.7500152592547141,No,1,(1/32768) * (16385 + 8191*zeta^1 + 8192*zeta^5)
{01},01,32768,7,0.8117563914594009,No,1,(1/32768) * (16385 + 8191*zeta^1 + 8192*zeta^6)
{01},01,32768,8,0.8535623292577363,No,1,(1/32768) * (16385 + 8191*zeta^1 + 8192*zeta^7)
{10},10,32768,2,0.00115966796875,Yes,53,(1/32768) * (16403 + 16365*zeta^1)
{10},10,32768,3,0.2500057219804163,No,64,(1/32768) * (16384 + 8160*zeta^1 + 8224*zeta^2)
{10},10,32768,4,0.5000038146827137,No,64,(1/32768) * (16384 + 8160*zeta^1 + 8224*zeta^3)
{10},10,32768,5,0.6545111330731481,No,64,(1/32768) * (16384 + 8160*zeta^1 + 8224*zeta^4)
{10},10,32768,6,0.7500019073462074,No,64,(1/32768) * (16384 + 8160*zeta^1 + 8224*zeta^5)
{10},10,32768,7,0.8117463372005194,No,64,(1/32768) * (16384 + 8160*zeta^1 + 8224*zeta^6)
{10},10,32768,8,0.8535545078915032,No,64,(1/32768) * (16384 + 8160*zeta^1 + 8224*zeta^7)
"{01,10,11}",01 10 11,32768,2,6.123233995736766e-17,Yes,1,(1/32768) * (16384 + 16384*zeta^1)
"{01,10,11}",01 10 11,32768,3,0.34068777381945087,No,1,(1/32768) * (15214 + 3511*zeta^1 + 14043*zeta^2)
"{01,10,11}",01 10 11,32768,4,0.5000122076272818,No,1,(1/32768) * (14746 + 3277*zeta^1 + 1638*zeta^2 + 13107*zeta^3)
"{01,10,11}",01 10 11,32768,5,0.5950513140100959,No,1,(1/32768) * (14534 + 3171*zeta^1 + 1586*zeta^2 + 793*zeta^3 + 12684*zeta^4)
"{01,10,11}",01 10 11,32768,6,0.6614666642424081,No,1,(1/32768) * (14434 + 3121*zeta^1 + 1560*zeta^2 + 780*zeta^3 + 390*zeta^4 + 12483*zeta^5)
"{01,10,11}",01 10 11,32768,7,0.7119310236872056,No,1,(1/32768) * (14384 + 3096*zeta^1 + 1548*zeta^2 + 774*zeta^3 + 387*zeta^4 + 194*zeta^5 + 12385*zeta^6)
"{01,10,11}",01 10 11,32768,8,0.7521301124844251,No,1,(1/32768) * (14360 + 3084*zeta^1 + 1542*zeta^2 + 771*zeta^3 + 386*zeta^4 + 193*zeta^5 + 96*zeta^6 + 12336*zeta^7)
A_3,101 111,32768,2,6.123233995736766e-17,Yes,1,(1/32768) * (16384 + 16384*zeta^1)
A_3,101 111,32768,3,0.2960077703822716,No,1,(1/32768) * (15507 + 4681*zeta^1 + 12580*zeta^2)
A_3,101 111,32768,4,0.4809163342602923,No,1,(1/32768) * (15156 + 4506*zeta^1 + 1228*zeta^2 + 11878*zeta^3)
A_3,101 111,32768,5,0.5975391474649865,No,1,(1/32768) * (14996 + 4426*zeta^1 + 1190*zeta^2 + 595*zeta^3 + 11561*zeta^4)
A_3,101 111,32768,6,0.6760789533827047,No,1,(1/32768) * (14922 + 4389*zeta^1 + 1170*zeta^2 + 585*zeta^3 + 292*zeta^4 + 11410*zeta^5)
A_3,101 111,32768,7,0.7323201552655737,No,1,(1/32768) * (14884 + 4370*zeta^1 + 1161*zeta^2 + 580*zeta^3 + 290*zeta^4 + 146*zeta^5 + 11337*zeta^6)
A_3,101 111,32768,8,0.774643283646754,No,1,(1/32768) * (14866 + 4361*zeta^1 + 1156*zeta^2 + 578*zeta^3 + 290*zeta^4 + 145*zeta^5 + 72*zeta^6 + 11300*zeta^7)
A_4,1001 1011 1101 1111,32768,2,6.123233995736766e-17,Yes,1,(1/32768) * (16384 + 16384*zeta^1)
A_4,1001 1011 1101 1111,32768,3,0.2886206610498249,No,2,(1/32768) * (15140 + 4755*zeta^1 + 12873*zeta^2)
A_4,1001 1011 1101 1111,32768,4,0.46513581917575847,No,2,(1/32768) * (14744 + 4300*zeta^1 + 1640*zeta^2 + 12084*zeta^3)
A_4,1001 1011 1101 1111,32768,5,0.5833393519407002,No,1,(1/32768) * (14832 + 4857*zeta^1 + 1404*zeta^2 + 445*zeta^3 + 11230*zeta^4)
A_4,1001 1011 1101 1111,32768,6,0.6701165248753053,No,1,(1/32768) * (14775 + 4827*zeta^1 + 1389*zeta^2 + 438*zeta^3 + 220*zeta^4 + 11119*zeta^5)
A_4,1001 1011 1101 1111,32768,7,0.7320311910967804,No,1,(1/32768) * (14747 + 4813*zeta^1 + 1382*zeta^2 + 436*zeta^3 + 219*zeta^4 + 109*zeta^5 + 11062*zeta^6)
A_4,1001 1011 1101 1111,32768,8,0.777979470990336,No,1,(1/32768) * (14733 + 4806*zeta^1 + 1380*zeta^2 + 435*zeta^3 + 217*zeta^4 + 108*zeta^5 + 54*zeta^6 + 11035*zeta^7)
A_5,10001 10011 10101 10111 11001 11011 11101 11111,32768,2,6.123233995736766e-17,Yes,1,(1/32768) * (16384 + 16384*zeta^1)
A_5,10001 10011 10101 10111 11001 11011 11101 11111,32768,3,0.2908735232353631,No,4,(1/32768) * (15177 + 4708*zeta^1 + 12883*zeta^2)
A_5,10001 10011 10101 10111 11001 11011 11101 11111,32768,4,0.4712045618305979,No,4,(1/32768) * (14800 + 4200*zeta^1 + 1584*zeta^2 + 12184*zeta^3)
A_5,10001 10011 10101 10111 11001 11011 11101 11111,32768,5,0.583906195124194,No,4,(1/32768) * (14594 + 4093*zeta^1 + 1248*zeta^2 + 981*zeta^3 + 11852*zeta^4)
A_5,10001 10011 10101 10111 11001 11011 11101 11111,32768,6,0.6661913358913167,No,2,(1/32768) * (14699 + 4661*zeta^1 + 1373*zeta^2 + 497*zeta^3 + 312*zeta^4 + 11226*zeta^5)
A_5,10001 10011 10101 10111 11001 11011 11101 11111,32768,7,0.7274100868949184,No,1,(1/32768) * (14643 + 4890*zeta^1 + 1551*zeta^2 + 456*zeta^3 + 163*zeta^4 + 81*zeta^5 + 10984*zeta^6)
A_5,10001 10011 10101 10111 11001 11011 11101 11111,32768,8,0.7759936250102899,No,1,(1/32768) * (14634 + 4887*zeta^1 + 1548*zeta^2 + 453*zeta^3 + 162*zeta^4 + 81*zeta^5 + 40*zeta^6 + 10963*zeta^7)
K4_01_001_101,01 001 101,32768,2,1.0,No,1,(1/32768) * (32768)
K4_01_001_101,01 001 101,32768,3,0.2500457777639156,No,1,(1/32768) * (16385 + 8192*zeta^1 + 8191*zeta^2)
K4_01_001_101,01 001 101,32768,4,0.00115966796875,Yes,53,(1/32768) * (16365 + 16403*zeta^2)
K4_01_001_101,01 001 101,32768,5,0.1427723914259489,No,3,(1/32768) * (14334 + 6145*zeta^2 + 10242*zeta^3 + 2047*zeta^4)
K4_01_001_101,01 001 101,32768,6,0.2500457777639155,No,1,(1/32768) * (16385 + 8191*zeta^2 + 8192*zeta^4)
K4_01_001_101,01 001 101,32768,7,0.3887768425384062,No,1,(1/32768) * (16385 + 8191*zeta^2 + 8192*zeta^5)
K4_01_001_101,01 001 101,32768,8,0.5000305185093905,No,1,(1/32768) * (16385 + 8191*zeta^2 + 8192*zeta^6)
K4_10_010_110,10 010 110,32768,2,1.0,No,1,(1/32768) * (32768)
K4_10_010_110,10 010 110,32768,3,0.2500057219804163,No,64,(1/32768) * (16384 + 8224*zeta^1 + 8160*zeta^2)
K4_10_010_110,10 010 110,32768,4,0.00115966796875,Yes,53,(1/32768) * (16403 + 16365*zeta^2)
K4_10_010_110,10 010 110,32768,5,0.14289887712858892,No,3,(1/32768) * (14338 + 2049*zeta^1 + 10238*zeta^2 + 6143*zeta^3)
K4_10_010_110,10 010 110,32768,6,0.2500057219804162,No,64,(1/32768) * (16384 + 8160*zeta^2 + 8224*zeta^4)
K4_10_010_110,10 010 110,32768,7,0.3887441965411337,No,64,(1/32768) * (16384 + 8160*zeta^2 + 8224*zeta^5)
K4_10_010_110,10 010 110,32768,8,0.5000038146827137,No,64,(1/32768) * (16384 + 8160*zeta^2 + 8224*zeta^6)
K4_11_011_111,11 011 111,32768,2,1.0,No,1,(1/32768) * (32768)
K4_11_011_111,11 011 111,32768,3,0.34068297622249427,No,1,(1/32768) * (15213 + 14044*zeta^1 + 3511*zeta^2)
K4_11_011_111,11 011 111,32768,4,6.123233995736766e-17,Yes,1,(1/32768) * (16384 + 16384*zeta^2)
K4_11_011_111,11 011 111,32768,5,0.20748192909392268,No,1,(1/32768) * (14534 + 793*zeta^1 + 3171*zeta^2 + 12685*zeta^3 + 1585*zeta^4)
K4_11_011_111,11 011 111,32768,6,0.34068297622249394,No,1,(1/32768) * (15213 + 3511*zeta^2 + 14044*zeta^4)
K4_11_011_111,11 011 111,32768,7,0.4325025200173728,No,1,(1/32768) * (14385 + 387*zeta^1 + 3096*zeta^2 + 193*zeta^3 + 1548*zeta^4 + 12385*zeta^5 + 774*zeta^6)
K4_11_011_111,11 011 111,32768,8,0.49996337905527233,No,1,(1/32768) * (14745 + 3277*zeta^2 + 1639*zeta^4 + 13107*zeta^6)
K4_01_10,01 10,32768,2,1.0,No,1,(1/32768) * (32768*zeta^1)
K4_01_10,01 10,32768,3,0.5000000027939677,No,1,(1/32768) * (16383*zeta^1 + 16385*zeta^2)
K4_01_10,01 10,32768,4,0.00103759765625,Yes,45,(1/32768) * (16367*zeta^1 + 16401*zeta^3)
K4_01_10,01 10,32768,5,0.30901699982700465,No,1,(1/32768) * (16383*zeta^1 + 16385*zeta^4)
K4_01_10,01 10,32768,6,0.5000000027939675,No,1,(1/32768) * (16383*zeta^1 + 16385*zeta^5)
K4_01_10,01 10,32768,7,0.6234898036848441,No,1,(1/32768) * (16383*zeta^1 + 16385*zeta^6)
K4_01_10,01 10,32768,8,0.7071067825036363,No,1,(1/32768) * (16383*zeta^1 + 16385*zeta^7)
K4_01_010_110,01 010 110,32768,2,1.0,No,1,(1/32768) * (32768*zeta^1)
K4_01_010_110,01 010 110,32768,3,0.5000000027939677,No,1,(1/32768) * (16383*zeta^1 + 16385*zeta^2)
K4_01_010_110,01 010 110,32768,4,0.00103759765625,Yes,45,(1/32768) * (16367*zeta^1 + 16401*zeta^3)
K4_01_010_110,01 010 110,32768,5,0.30901699982700465,No,1,(1/32768) * (16383*zeta^1 + 16385*zeta^4)
K4_01_010_110,01 010 110,32768,6,0.5000000027939675,No,1,(1/32768) * (16383*zeta^1 + 16385*zeta^5)
K4_01_010_110,01 010 110,32768,7,0.6234898036848441,No,1,(1/32768) * (16383*zeta^1 + 16385*zeta^6)
K4_01_010_110,01 010 110,32768,8,0.7071067825036363,No,1,(1/32768) * (16383*zeta^1 + 16385*zeta^7)
K4_10_001_101,10 001 101,32768,2,1.0,No,1,(1/32768) * (32768*zeta^1)
K4_10_001_101,10 001 101,32768,3,0.5000000027939677,No,1,(1/32768) * (16383*zeta^1 + 16385*zeta^2)
K4_10_001_101,10 001 101,32768,4,0.00103759765625,Yes,45,(1/32768) * (16367*zeta^1 + 16401*zeta^3)
K4_10_001_101,10 001 101,32768,5,0.30901699982700465,No,1,(1/32768) * (16383*zeta^1 + 16385*zeta^4)
K4_10_001_101,10 001 101,32768,6,0.5000000027939675,No,1,(1/32768) * (16383*zeta^1 + 16385*zeta^5)
K4_10_001_101,10 001 101,32768,7,0.6234898036848441,No,1,(1/32768) * (16383*zeta^1 + 16385*zeta^6)
K4_10_001_101,10 001 101,32768,8,0.7071067825036363,No,1,(1/32768) * (16383*zeta^1 + 16385*zeta^7)
K4_001_010_101_110,001 010 101 110,32768,2,1.0,No,1,(1/32768) * (32768*zeta^1)
K4_001_010_101_110,001 010 101 110,32768,3,0.5000000027939677,No,1,(1/32768) * (16383*zeta^1 + 16385*zeta^2)
K4_001_010_101_110,001 010 101 110,32768,4,0.00103759765625,Yes,45,(1/32768) * (16367*zeta^1 + 16401*zeta^3)
K4_001_010_101_110,001 010 101 110,32768,5,0.30901699982700465,No,1,(1/32768) * (16383*zeta^1 + 16385*zeta^4)
K4_001_010_101_110,001 010 101 110,32768,6,0.5000000027939675,No,1,(1/32768) * (16383*zeta^1 + 16385*zeta^5)
K4_001_010_101_110,001 010 101 110,32768,7,0.6234898036848441,No,1,(1/32768) * (16383*zeta^1 + 16385*zeta^6)
K4_001_010_101_110,001 010 101 110,32768,8,0.7071067825036363,No,1,(1/32768) * (16383*zeta^1 + 16385*zeta^7)
K4_1_01_10,1 01 10,32768,2,0.333984375,No,32,(1/32768) * (10912 + 21856*zeta^1)
K4_1_01_10,1 01 10,32768,3,0.1890168401856143,No,1,(1/32768) * (11703 + 14044*zeta^1 + 7021*zeta^2)
K4_1_01_10,1 01 10,32768,4,0.0006415953381844666,Yes,51,(1/32768) * (7170 + 9225*zeta^1 + 7169*zeta^2 + 9204*zeta^3)
K4_1_01_10,1 01 10,32768,5,0.15924076165985543,No,1,(1/32768) * (10570 + 5285*zeta^1 + 2643*zeta^2 + 9514*zeta^3 + 4756*zeta^4)
K4_1_01_10,1 01 10,32768,6,0.2887103748716048,No,1,(1/32768) * (10403 + 5202*zeta^1 + 2600*zeta^2 + 1300*zeta^3 + 8842*zeta^4 + 4421*zeta^5)
K4_1_01_10,1 01 10,32768,7,0.39386128421719213,No,1,(1/32768) * (10320 + 5160*zeta^1 + 2580*zeta^2 + 1290*zeta^3 + 645*zeta^4 + 8515*zeta^5 + 4258*zeta^6)
K4_1_01_10,1 01 10,32768,8,0.4797975603680943,No,1,(1/32768) * (10280 + 5140*zeta^1 + 2570*zeta^2 + 1285*zeta^3 + 643*zeta^4 + 322*zeta^5 + 8352*zeta^6 + 4176*zeta^7)
K4_1_01_001_101,1 01 001 101,32768,2,0.333984375,No,32,(1/32768) * (10912 + 21856*zeta^1)
K4_1_01_001_101,1 01 001 101,32768,3,0.340682976222494,No,1,(1/32768) * (15213 + 3511*zeta^1 + 14044*zeta^2)
K4_1_01_001_101,1 01 001 101,32768,4,0.0008855357744473981,Yes,43,(1/32768) * (8549 + 7849*zeta^1 + 8520*zeta^2 + 7850*zeta^3)
K4_1_01_001_101,1 01 001 101,32768,5,0.14128095573747224,No,1,(1/32768) * (4756 + 2378*zeta^1 + 13477*zeta^2 + 2643*zeta^3 + 9514*zeta^4)
K4_1_01_001_101,1 01 001 101,32768,6,0.1454684825202293,No,64,(1/32768) * (4832 + 6496*zeta^1 + 3264*zeta^2 + 5696*zeta^3 + 2848*zeta^4 + 9632*zeta^5)
K4_1_01_001_101,1 01 001 101,32768,7,0.24715681016309685,No,64,(1/32768) * (4704 + 6464*zeta^1 + 3200*zeta^2 + 1600*zeta^3 + 4896*zeta^4 + 2464*zeta^5 + 9440*zeta^6)
K4_1_01_001_101,1 01 001 101,32768,8,0.3400996539434486,No,32,(1/32768) * (4656 + 6432*zeta^1 + 3200*zeta^2 + 1600*zeta^3 + 800*zeta^4 + 4496*zeta^5 + 2256*zeta^6 + 9328*zeta^7)
K4_1_01_010_110,1 01 010 110,32768,2,0.333984375,No,32,(1/32768) * (10912 + 21856*zeta^1)
K4_1_01_010_110,1 01 010 110,32768,3,0.1890168401856143,No,1,(1/32768) * (11703 + 14044*zeta^1 + 7021*zeta^2)
K4_1_01_010_110,1 01 010 110,32768,4,0.0006415953381844666,Yes,51,(1/32768) * (7170 + 9225*zeta^1 + 7169*zeta^2 + 9204*zeta^3)
K4_1_01_010_110,1 01 010 110,32768,5,0.15924076165985543,No,1,(1/32768) * (10570 + 5285*zeta^1 + 2643*zeta^2 + 9514*zeta^3 + 4756*zeta^4)
K4_1_01_010_110,1 01 010 110,32768,6,0.2887103748716048,No,1,(1/32768) * (10403 + 5202*zeta^1 + 2600*zeta^2 + 1300*zeta^3 + 8842*zeta^4 + 4421*zeta^5)
K4_1_01_010_110,1 01 010 110,32768,7,0.39386128421719213,No,1,(1/32768) * (10320 + 5160*zeta^1 + 2580*zeta^2 + 1290*zeta^3 + 645*zeta^4 + 8515*zeta^5 + 4258*zeta^6)
K4_1_01_010_110,1 01 010 110,32768,8,0.4797975603680943,No,1,(1/32768) * (10280 + 5140*zeta^1 + 2570*zeta^2 + 1285*zeta^3 + 643*zeta^4 + 322*zeta^5 + 8352*zeta^6 + 4176*zeta^7)
K4_1_10_001_101,1 10 001 101,32768,2,0.333984375,No,32,(1/32768) * (10912 + 21856*zeta^1)
K4_1_10_001_101,1 10 001 101,32768,3,0.1890168401856143,No,1,(1/32768) * (11703 + 14044*zeta^1 + 7021*zeta^2)
K4_1_10_001_101,1 10 001 101,32768,4,0.0006415953381844666,Yes,51,(1/32768) * (7170 + 9225*zeta^1 + 7169*zeta^2 + 9204*zeta^3)
K4_1_10_001_101,1 10 001 101,32768,5,0.15924076165985543,No,1,(1/32768) * (10570 + 5285*zeta^1 + 2643*zeta^2 + 9514*zeta^3 + 4756*zeta^4)
K4_1_10_001_101,1 10 001 101,32768,6,0.2887103748716048,No,1,(1/32768) * (10403 + 5202*zeta^1 + 2600*zeta^2 + 1300*zeta^3 + 8842*zeta^4 + 4421*zeta^5)
K4_1_10_001_101,1 10 001 101,32768,7,0.39386128421719213,No,1,(1/32768) * (10320 + 5160*zeta^1 + 2580*zeta^2 + 1290*zeta^3 + 645*zeta^4 + 8515*zeta^5 + 4258*zeta^6)
K4_1_10_001_101,1 10 001 101,32768,8,0.4797975603680943,No,1,(1/32768) * (10280 + 5140*zeta^1 + 2570*zeta^2 + 1285*zeta^3 + 643*zeta^4 + 322*zeta^5 + 8352*zeta^6 + 4176*zeta^7)
K4_1_10_010_110,1 10 010 110,32768,2,0.333984375,No,32,(1/32768) * (10912 + 21856*zeta^1)
K4_1_10_010_110,1 10 010 110,32768,3,0.24996730285148858,No,1,(1/32768) * (5852 + 15213*zeta^1 + 11703*zeta^2)
K4_1_10_010_110,1 10 010 110,32768,4,0.0008855357744474881,Yes,43,(1/32768) * (8520 + 7850*zeta^1 + 8549*zeta^2 + 7849*zeta^3)
K4_1_10_010_110,1 10 010 110,32768,5,0.2197961010172615,No,1,(1/32768) * (5285 + 10835*zeta^1 + 1322*zeta^2 + 4756*zeta^3 + 10570*zeta^4)
K4_1_10_010_110,1 10 010 110,32768,6,0.3819179361499454,No,1,(1/32768) * (5202 + 10792*zeta^1 + 1300*zeta^2 + 650*zeta^3 + 4421*zeta^4 + 10403*zeta^5)
K4_1_10_010_110,1 10 010 110,32768,7,0.4999024795816572,No,1,(1/32768) * (5160 + 10772*zeta^1 + 1290*zeta^2 + 645*zeta^3 + 323*zeta^4 + 4258*zeta^5 + 10320*zeta^6)
K4_1_10_010_110,1 10 010 110,32768,8,0.5876530902510743,No,1,(1/32768) * (5140 + 10762*zeta^1 + 1285*zeta^2 + 643*zeta^3 + 322*zeta^4 + 160*zeta^5 + 4176*zeta^6 + 10280*zeta^7)
K4_1_11_011_111,1 11 011 111,32768,2,0.333984375,No,32,(1/32768) * (10912 + 21856*zeta^1)
K4_1_11_011_111,1 11 011 111,32768,3,0.2500457777639156,No,1,(1/32768) * (16385 + 8191*zeta^1 + 8192*zeta^2)
K4_1_11_011_111,1 11 011 111,32768,4,0.0008855357744474001,Yes,43,(1/32768) * (8549 + 7850*zeta^1 + 8520*zeta^2 + 7849*zeta^3)
K4_1_11_011_111,1 11 011 111,32768,5,0.1872135629873925,No,1,(1/32768) * (4492 + 3171*zeta^1 + 8985*zeta^2 + 6342*zeta^3 + 9778*zeta^4)
K4_1_11_011_111,1 11 011 111,32768,6,0.30046965975581535,No,1,(1/32768) * (5462 + 2730*zeta^1 + 10923*zeta^3 + 5461*zeta^4 + 8192*zeta^5)
K4_1_11_011_111,1 11 011 111,32768,7,0.3764185133808134,No,1,(1/32768) * (4645 + 2193*zeta^1 + 580*zeta^2 + 2322*zeta^3 + 9289*zeta^4 + 4386*zeta^5 + 9353*zeta^6)
K4_1_11_011_111,1 11 011 111,32768,8,0.43140948561596215,No,1,(1/32768) * (4176 + 2570*zeta^1 + 322*zeta^2 + 2088*zeta^3 + 1285*zeta^4 + 8352*zeta^5 + 5140*zeta^6 + 8835*zeta^7)
K4_001_010_100_111,001 010 100 111,32768,2,0.66668701171875,No,1,(1/32768) * (5461 + 27307*zeta^1)
K4_001_010_100_111,001 010 100 111,32768,3,0.3690306270036713,No,1,(1/32768) * (2925 + 15799*zeta^1 + 14044*zeta^2)
K4_001_010_100_111,001 010 100 111,32768,4,0.0007336923388776549,Yes,51,(1/32768) * (8523 + 7844*zeta^1 + 8540*zeta^2 + 7861*zeta^3)
K4_001_010_100_111,001 010 100 111,32768,5,0.26248256209108517,No,1,(1/32768) * (2643 + 13610*zeta^1 + 660*zeta^2 + 2378*zeta^3 + 13477*zeta^4)
K4_001_010_100_111,001 010 100 111,32768,6,0.43897398895649553,No,1,(1/32768) * (2600 + 13588*zeta^1 + 650*zeta^2 + 325*zeta^3 + 2211*zeta^4 + 13394*zeta^5)
K4_001_010_100_111,001 010 100 111,32768,7,0.560173911569385,No,1,(1/32768) * (2580 + 13578*zeta^1 + 645*zeta^2 + 323*zeta^3 + 162*zeta^4 + 2128*zeta^5 + 13352*zeta^6)
K4_001_010_100_111,001 010 100 111,32768,8,0.6463383993728778,No,1,(1/32768) * (2570 + 13573*zeta^1 + 643*zeta^2 + 322*zeta^3 + 160*zeta^4 + 80*zeta^5 + 2088*zeta^6 + 13332*zeta^7)
K4_001_011_100_110,001 011 100 110,32768,2,1.0,No,2,(1/32768) * (32768*zeta^1)
K4_001_011_100_110,001 011 100 110,32768,3,0.3125457774846109,No,2,(1/32768) * (4095 + 14336*zeta^1 + 14337*zeta^2)
K4_001_011_100_110,001 011 100 110,32768,4,0.000671386718749954,Yes,55,(1/32768) * (8203 + 8192*zeta^1 + 8181*zeta^2 + 8192*zeta^3)
K4_001_011_100_110,001 011 100 110,32768,5,0.20230945620641952,No,1,(1/32768) * (8193 + 8192*zeta^1 + 4095*zeta^2 + 4096*zeta^3 + 8192*zeta^4)
K4_001_011_100_110,001 011 100 110,32768,6,0.37504577729839617,No,1,(1/32768) * (8193 + 8192*zeta^1 + 4095*zeta^2 + 4096*zeta^4 + 8192*zeta^5)
K4_001_011_100_110,001 011 100 110,32768,7,0.5061519766928481,No,1,(1/32768) * (8193 + 8192*zeta^1 + 4095*zeta^2 + 4096*zeta^5 + 8192*zeta^6)
K4_001_011_100_110,001 011 100 110,32768,8,0.6035839089428924,No,1,(1/32768) * (8193 + 8192*zeta^1 + 4095*zeta^2 + 4096*zeta^6 + 8192*zeta^7)
